--------------------------------------------------------
--  л╒лблдлыкЄэ┬рўк╖к▐к╖к┐ - √¤ш°ьэ-11ъ┼-05-2024   
--------------------------------------------------------
--------------------------------------------------------
--  DDL for Sequence MUSIC_SEQ
--------------------------------------------------------

   CREATE SEQUENCE  "JPAT"."MUSIC_SEQ"  MINVALUE 1 MAXVALUE 9999999999999999999999999999 INCREMENT BY 1 START WITH 41 CACHE 20 NOORDER  NOCYCLE ;
--------------------------------------------------------
--  DDL for Sequence POST_IDX_SEQ
--------------------------------------------------------

   CREATE SEQUENCE  "JPAT"."POST_IDX_SEQ"  MINVALUE 1 MAXVALUE 9999999999999999999999999999 INCREMENT BY 1 START WITH 101 CACHE 20 NOORDER  NOCYCLE ;
--------------------------------------------------------
--  DDL for Sequence POST_SEQ
--------------------------------------------------------

   CREATE SEQUENCE  "JPAT"."POST_SEQ"  MINVALUE 1 MAXVALUE 9999999999999999999999999999 INCREMENT BY 1 START WITH 1 CACHE 20 NOORDER  NOCYCLE ;
--------------------------------------------------------
--  DDL for Sequence REPLY_SEQ
--------------------------------------------------------

   CREATE SEQUENCE  "JPAT"."REPLY_SEQ"  MINVALUE 1 MAXVALUE 9999999999999999999999999999 INCREMENT BY 1 START WITH 21 CACHE 20 NOORDER  NOCYCLE ;
--------------------------------------------------------
--  DDL for Sequence SINGER_SEQ
--------------------------------------------------------

   CREATE SEQUENCE  "JPAT"."SINGER_SEQ"  MINVALUE 1 MAXVALUE 9999999999999999999999999999 INCREMENT BY 1 START WITH 21 CACHE 20 NOORDER  NOCYCLE ;
--------------------------------------------------------
--  DDL for Sequence USERS_SEQ
--------------------------------------------------------

   CREATE SEQUENCE  "JPAT"."USERS_SEQ"  MINVALUE 1 MAXVALUE 9999999999999999999999999999 INCREMENT BY 1 START WITH 61 CACHE 20 NOORDER  NOCYCLE ;
--------------------------------------------------------
--  DDL for Table MUSIC
--------------------------------------------------------

  CREATE TABLE "JPAT"."MUSIC" 
   (	"POST_IDX" NUMBER(4,0), 
	"MUSIC_IDX" NUMBER, 
	"SINGER_IDX" NUMBER, 
	"MUSIC" VARCHAR2(50 BYTE), 
	"LYRICS" VARCHAR2(4000 BYTE)
   ) SEGMENT CREATION IMMEDIATE 
  PCTFREE 10 PCTUSED 40 INITRANS 1 MAXTRANS 255 NOCOMPRESS LOGGING
  STORAGE(INITIAL 65536 NEXT 1048576 MINEXTENTS 1 MAXEXTENTS 2147483645
  PCTINCREASE 0 FREELISTS 1 FREELIST GROUPS 1 BUFFER_POOL DEFAULT FLASH_CACHE DEFAULT CELL_FLASH_CACHE DEFAULT)
  TABLESPACE "SYSTEM" ;
--------------------------------------------------------
--  DDL for Table POST
--------------------------------------------------------

  CREATE TABLE "JPAT"."POST" 
   (	"POST_IDX" NUMBER(4,0), 
	"POST_TYPE_IDX" NUMBER DEFAULT 1, 
	"TITLE" VARCHAR2(300 BYTE), 
	"CONTENTS" VARCHAR2(4000 BYTE), 
	"USER_IDX" NUMBER(4,0), 
	"NICKNAME" VARCHAR2(50 BYTE), 
	"PASSWORD" VARCHAR2(500 BYTE), 
	"IMGURL" VARCHAR2(3000 BYTE), 
	"REGDATE" DATE DEFAULT sysdate, 
	"MODIFYDATE" DATE DEFAULT null, 
	"VIEWCOUNT" NUMBER(4,0) DEFAULT 0, 
	"LIKECOUNT" NUMBER(4,0) DEFAULT 0, 
	"REPLYCOUNT" NUMBER(4,0) DEFAULT 0
   ) SEGMENT CREATION IMMEDIATE 
  PCTFREE 10 PCTUSED 40 INITRANS 1 MAXTRANS 255 NOCOMPRESS LOGGING
  STORAGE(INITIAL 65536 NEXT 1048576 MINEXTENTS 1 MAXEXTENTS 2147483645
  PCTINCREASE 0 FREELISTS 1 FREELIST GROUPS 1 BUFFER_POOL DEFAULT FLASH_CACHE DEFAULT CELL_FLASH_CACHE DEFAULT)
  TABLESPACE "SYSTEM" ;
--------------------------------------------------------
--  DDL for Table POST_SUGGEST
--------------------------------------------------------

  CREATE TABLE "JPAT"."POST_SUGGEST" 
   (	"POST_TYPE_IDX" NUMBER DEFAULT 2, 
	"POST_IDX" NUMBER, 
	"YOUTUBE_URL" VARCHAR2(1000 BYTE), 
	"THUMNAIL" VARCHAR2(1000 BYTE), 
	"MUSIC" VARCHAR2(50 BYTE), 
	"SINGER" VARCHAR2(50 BYTE), 
	"LYRICS" VARCHAR2(4000 BYTE)
   ) SEGMENT CREATION IMMEDIATE 
  PCTFREE 10 PCTUSED 40 INITRANS 1 MAXTRANS 255 NOCOMPRESS LOGGING
  STORAGE(INITIAL 65536 NEXT 1048576 MINEXTENTS 1 MAXEXTENTS 2147483645
  PCTINCREASE 0 FREELISTS 1 FREELIST GROUPS 1 BUFFER_POOL DEFAULT FLASH_CACHE DEFAULT CELL_FLASH_CACHE DEFAULT)
  TABLESPACE "SYSTEM" ;
--------------------------------------------------------
--  DDL for Table POST_TYPE
--------------------------------------------------------

  CREATE TABLE "JPAT"."POST_TYPE" 
   (	"POST_TYPE_IDX" NUMBER(2,0), 
	"POST_TYPE" VARCHAR2(50 BYTE)
   ) SEGMENT CREATION IMMEDIATE 
  PCTFREE 10 PCTUSED 40 INITRANS 1 MAXTRANS 255 NOCOMPRESS LOGGING
  STORAGE(INITIAL 65536 NEXT 1048576 MINEXTENTS 1 MAXEXTENTS 2147483645
  PCTINCREASE 0 FREELISTS 1 FREELIST GROUPS 1 BUFFER_POOL DEFAULT FLASH_CACHE DEFAULT CELL_FLASH_CACHE DEFAULT)
  TABLESPACE "SYSTEM" ;
--------------------------------------------------------
--  DDL for Table REPLY
--------------------------------------------------------

  CREATE TABLE "JPAT"."REPLY" 
   (	"REPLY_IDX" NUMBER, 
	"POST_IDX" NUMBER, 
	"NICKNAME" VARCHAR2(50 BYTE), 
	"REPLY_PASSWORD" VARCHAR2(500 BYTE), 
	"COMMENTS" VARCHAR2(4000 BYTE), 
	"REGDATE" DATE DEFAULT SYSDATE, 
	"USER_IDX" NUMBER
   ) SEGMENT CREATION IMMEDIATE 
  PCTFREE 10 PCTUSED 40 INITRANS 1 MAXTRANS 255 NOCOMPRESS LOGGING
  STORAGE(INITIAL 65536 NEXT 1048576 MINEXTENTS 1 MAXEXTENTS 2147483645
  PCTINCREASE 0 FREELISTS 1 FREELIST GROUPS 1 BUFFER_POOL DEFAULT FLASH_CACHE DEFAULT CELL_FLASH_CACHE DEFAULT)
  TABLESPACE "SYSTEM" ;
--------------------------------------------------------
--  DDL for Table SINGER
--------------------------------------------------------

  CREATE TABLE "JPAT"."SINGER" 
   (	"SINGER_IDX" NUMBER, 
	"SINGER" VARCHAR2(50 BYTE), 
	"SINGER_IMG" VARCHAR2(1000 BYTE), 
	"SUGGEST_COUNT" NUMBER DEFAULT 1
   ) SEGMENT CREATION IMMEDIATE 
  PCTFREE 10 PCTUSED 40 INITRANS 1 MAXTRANS 255 NOCOMPRESS LOGGING
  STORAGE(INITIAL 65536 NEXT 1048576 MINEXTENTS 1 MAXEXTENTS 2147483645
  PCTINCREASE 0 FREELISTS 1 FREELIST GROUPS 1 BUFFER_POOL DEFAULT FLASH_CACHE DEFAULT CELL_FLASH_CACHE DEFAULT)
  TABLESPACE "SYSTEM" ;
--------------------------------------------------------
--  DDL for Table SINGER_POST_RELATION
--------------------------------------------------------

  CREATE TABLE "JPAT"."SINGER_POST_RELATION" 
   (	"SINGER_IDX" NUMBER, 
	"POST_IDX" NUMBER
   ) SEGMENT CREATION IMMEDIATE 
  PCTFREE 10 PCTUSED 40 INITRANS 1 MAXTRANS 255 NOCOMPRESS LOGGING
  STORAGE(INITIAL 65536 NEXT 1048576 MINEXTENTS 1 MAXEXTENTS 2147483645
  PCTINCREASE 0 FREELISTS 1 FREELIST GROUPS 1 BUFFER_POOL DEFAULT FLASH_CACHE DEFAULT CELL_FLASH_CACHE DEFAULT)
  TABLESPACE "SYSTEM" ;
--------------------------------------------------------
--  DDL for Table USERS
--------------------------------------------------------

  CREATE TABLE "JPAT"."USERS" 
   (	"USER_IDX" NUMBER(4,0), 
	"USER_ID" VARCHAR2(50 BYTE), 
	"USER_PW" VARCHAR2(500 BYTE), 
	"USER_NICKNAME" VARCHAR2(50 BYTE), 
	"USER_EMAIL" VARCHAR2(100 BYTE), 
	"USER_IMG" VARCHAR2(200 BYTE), 
	"JOINDATE" DATE DEFAULT sysdate
   ) SEGMENT CREATION IMMEDIATE 
  PCTFREE 10 PCTUSED 40 INITRANS 1 MAXTRANS 255 NOCOMPRESS LOGGING
  STORAGE(INITIAL 65536 NEXT 1048576 MINEXTENTS 1 MAXEXTENTS 2147483645
  PCTINCREASE 0 FREELISTS 1 FREELIST GROUPS 1 BUFFER_POOL DEFAULT FLASH_CACHE DEFAULT CELL_FLASH_CACHE DEFAULT)
  TABLESPACE "SYSTEM" ;
REM INSERTING into JPAT.MUSIC
SET DEFINE OFF;
Insert into JPAT.MUSIC (POST_IDX,MUSIC_IDX,SINGER_IDX,MUSIC,LYRICS) values (1,1,1,'╪╣є╔╩░','╧╓кЄышклк╣клкщ к└клкщьщ?к╦к╧╦▄кьк╩кдк╩<br>╧╓кЄышклк╣клкщ Ё─кп╪╬кьк╞щ░к╖кдкєк└<br>ь╤╩рк└клкщк═ к┐к▐к╦к╧ъ▐кжктк╬кту▌к┘к┐кдк═<br>╧╓кЄышклк╣клкщ к╜кж╧╓кЄышклк╣клкщ<br>к╟кт┌л?к╩кдкєк└кшк═<br>?кдк┐кпк╩кєк└кшк═<br>╧╓ьдшт?кдк┐кпк╩кдкєк└кшк═<br>к╩кєк╞унтвк└к═<br>╙▐?фЄ╪▄к╩кєк└кшк═<br>фёк╬Ёэюд?┘ек╩кєк╞<br>╧╓км?кик╞кпкьк╩кдкл<br>∙╝фи№▐к╬хикЄ╬жк┤к╖к┐к├к╞╘Ёкщкьк╠кшкжк╩<br>фёк╖к╞кыкЄ?к┘к╞к▀к╞<br>∙╝фи№▐к╬хикЄ╬жк┤к╖к┐к├к╞╘Ёкщкьк╠кшкжк╩<br>ї╠═╘к╬л╒лыл│?л╣кЄЁв╙у<br>╧╓кЄышклк╣клкщ кнк├к╚ьщ▀цк╧┘э╫тк└кшк═<br>╧╓кЄышклк╣клкщ ¤╪кмк╚к╞ктў╘кпк╩кєк└<br>ь╤╩рк└клкщк═ к┐к▐к╦к╧▌┬клкъ∙ъкик╩кпк╩к├к╞<br>╧╓кЄышклк╣клкщ к▐к┐╧╓кЄышклк╣клкщ<br>к╟ктэ╗ускмк╩кдкєк└кшк═<br>?кякък┐кпк╩кдкєк└кшк═<br>╧╓ьдшт?кдк┐кпк╩кдкєк└кшк═<br>к╩кєк╞унтвк└к═<br>╙▐?фЄ╪▄к└к├к┐кшк═<br>фёк╬Ёэюд?┘ек╩кєк╞<br>╧╓кмк╜к│к╦╦▄кык╬к╦к═<br>∙╝█▌№▐к╬хикЄ╬жк┤к╖к┐к├к╞╘Ёкщкьк╠кшкжк╩<br>фёк╖к╞кыкЄ?к┘к╞к▀к╞<br>∙╝█▌№▐к╬хикЄ╬жк┤к╖к┐к├к╞╘Ёкщкьк╠кшкжк╩<br>ї╠═╘к╬л╒лыл│?л╣кЄЁв╙у<br>╫юкьк╩кдк╟ █ик╦╦▄к╞кпкьк┐к╬к╧<br>╠┐╧╤╧╓ьщь╤к└к├к┐кшк═<br>?к╬л╣л╤лдл╣к╧╧╓к╬¤╪к╦<br>?к├к╞к╖к▐кжк└кэкжк▒к╔<br>∙╝Ї╢№▐к╬хикЄ╬жк┤к╖к┐к├к╞╘Ёкщкьк╠кшкжк╩<br>фёк╖к╞кыкЄ?к┘кыклкщ<br>∙╝Ї╢№▐к╬хикЄ╬жк┤к╖к┐к├к╞╘Ёкщкьк╠кшкжк╩<br>ї╠═╘к╬л╒лыл│?л╣кЄ<br>∙╝╪▓№▐к╬хикЄ╬жк┤к╖к┐к├к╞╪╬кьк╠кшкжк╩<br>фёк╖к╞кыкЄ?к┘кыклкщ<br>∙╝╪▓№▐к╬хикЄ╬жк┤к╖к┐к├к╞╪╬кьк╠кшкжк╩<br>ї╠═╘к╬л╒лыл│?л╣кЄЁв╙у');
Insert into JPAT.MUSIC (POST_IDX,MUSIC_IDX,SINGER_IDX,MUSIC,LYRICS) values (2,2,1,'л╡лплщлнл▀лял┐л╖','Ёпьгл▄л┐лєкЄк╧к║к╖к╩кмкщхыкж<br>б╕ї╠¤нк└клкщкдкдкшб╣к├к╞<br>ЁяхЎк╬ьэк╬?у°к╧к╔к│кл<br>ю╓к╖?к╩ф╘кЄк╖к╞кдкы<br>у┴═ккм?кн?кык╩кщ<br>╧■█░к╚ктк├к╚№ек╖к┐клк├к┐<br>┌ў▐└к╧кдкщк╩кдклкщк╡<br>ьгь╤к╬л╣л╚?лъ?квк▓к┴кукккжкш<br>?к╖к╞кдкыкєк└ л╡лплщлнл▀лял┐л╖<br>їЁк╦▀дкы?к└ кяклк├к╞кдк┐к╬к╦<br>?к╖к╞к╖к▐к├к┐к╬ ? ╧╓ фёк╖<br>ышкдк┴кук├к╞к┤кскєк═<br>?ў∙к╚л╬?л╚ л┌лєкмё╦кыых<br>л░лщлєл╔кЄ╠╕к─кск┐<br>█░яяу╥к╕ку∙╝кткяклкщк╩кд<br>╙═кикЄўок╖к╞к┐кєк└<br>╨склк╣кшкжк╦л┴лулдлркм┘░кы<br>к│к│к╦к╧кткж╦▄кщкьк╩кдк├к╞<br>у┴кмЄнк▐кък▐к╣кшкжк╦<br>ьгь╤к╬л╣л╚?лъ?кЄ┘╙╠╕к╞к┐<br>?к╖к╞кдкыкєк└ л╡лплщлнл▀лял┐л╖<br>їЁк╦▀дкы?к└ кяклк├к╞кдк┐к╬к╦<br>?к╖к╞к╖к▐к├к┐к╬ ? ╧╓ фёк╖<br>ышкдк┴кук├к╞к┤кскєк═<br>Є╔къ┌ўкыў╫кдк╩кьк┐╘│кт<br>?клк╖кпк╩к├к╞к╖к▐кжкєк└кэкж<br>╧╓к╬▐└кЄк╜кєк╩∙жк╦к╡<br>▐╓кдїєк╖к┐кпк╩кдк╬к╦к╩<br>?к╖к╞кдкыкєк└ л╡лплщлнл▀лял┐л╖<br>їЁк╦Ў╟кдк╞·╝кп ?їекмкьк┐ьэ?<br>ч╡ъ└к╦?кьк╩кд ? ╧╓ фёк╖<br>?кьк┴кукдк╜кжк└кш<br>?к╖к╞кдкыкєк└ л╡лплщлнл▀лял┐л╖<br>їЁк╦▀дкы?к└ кяклк├к╞кдк┐к╬к╦<br>?к╖к╞к╖к▐к├к┐к╬ ? ╧╓ фёк╖<br>ышкдк┴кук├к╞к┤кскєк═');
Insert into JPAT.MUSIC (POST_IDX,MUSIC_IDX,SINGER_IDX,MUSIC,LYRICS) values (4,3,2,'л▀л║лнлъ','?к╧к╔кєк╩к│к╚к╟к╡киктї▒кик╞кдк▒кык╚<br>▐╓кикыьэкм?кык└к╩кєк╞▐╓кяк╩кпк╞<br>ёмкєк╟кысж═гкмъ▐кжк╬клк╩<br>к╩кєк╞╧╓кЄъ└кп╩як╕к╞кдк┐<br>к└к▒к╔╨╤ ?кькы<br>ъ╫кьклк▒к┐№гк╦цЁкЄ?кик┐к╬<br>сж═гкм?кякык█к╔к╦ ╨Їюцк╬кшкжк╦<br>квк╩к┐к└к▒км╘┌к╦ч▒кык╬<br>ф╤кЄ°═к╕кьк╨█ик╦╦▄кык╬<br>юяк╞к╬▐└кЄї▒кик╞кдкпк┐кск╦<br>лжл╖лэлрлнк╧тйя╖кък╖кшкж<br>к╡кшк╩кщк╬¤н Є╔къ┌ўк├к╞╧╓кмс┼кж<br>кдк─к▐к╟к╜к│к╦╦▄кык╬к╩кєк╞▐╓кдк╩кмкщ<br>їє?кьк╨?кък┐кпк╧к╩кдк╩<br>к╩кєк╞╧╓кЄъ└кп╩як╕к╞кдк┐<br>твк╚твкм?кь∙ъкж<br>кткжьг╙°к╚т┴клк╬к│к╚<br>√┐кнк╦к╩кык╩кєк╞к╩кдк╚▐╓к├к╞к┐ ╩ръ▐кдк└к═<br>квк╩к┐к└к▒км╘┌к╦ч▒кык╬<br>ф╤кЄ°═к╕кьк╨█ик╦╦▄кык╬<br>юяк╞к╬▐└кЄї▒кик╞кдкпк┐кск╦<br>лжл╖лэлрлнк╧тйя╖кък╖кшкж<br>к╜кєк╩ф╤к╖к╩кдк╟ єнк╦?кжу┴к╬▌┬к▐к╟лнл╣к╖кшкж<br>?√укдктк╣кьъ▐кдк╟кт ь┌кн╓ок▒кфк╖к╩кдкш<br>квк╩к┐к└к▒км╘┌к╦ч▒кык╬<br>ф╤кЄ°═к╕кьк╨█ик╦╦▄кык╬<br>юяк╞к╬▐└кЄї▒кик╞кдкпк┐кск╦<br>лжл╖лэлрлнк╧тйя╖кък╖кшкж');
Insert into JPAT.MUSIC (POST_IDX,MUSIC_IDX,SINGER_IDX,MUSIC,LYRICS) values (5,4,3,'╬╓?к╬№г°ж','▐╓кдїєк╣к╬к╧╧╓к╬╩░<br>?№екшкъктр╪┘ек└<br>к╔к│к╦·╝к├к╞к╖к▐к├к┐к╬<br>кдк─ктўок╣кєк└кш<br>▐╓кдїєк╣к╬к╧╧╓к╬╩░<br>╩░кдс┼кжф╘кмр╪┘ек└<br>╧╓к╦▐─∙ъкжкєк└кш<br>к║к├к╚╠╕к╞кдк┐кдкш<br>к╟ктї╠¤нк╦╠╕к┐кдк╬к╧<br>кнк├к╚кткж╧╓к╬┘╙к╬ёщ<br>кткжьщ╙° к▐к┐┌дклк╗к╞кпкькш<br>┌дкнк┐кдкєк└<br>ктк├к╚?к▓╬╓?к╬╩░<br>к▐к└с╝кик╩кд ┘╙к╬╩░є▌кик╞<br>╧╓кмкдк─кт╩░кж╬╓?к╬╩░<br>к▐к└с╝кик╩кд ╧вк║к╡кєк╟к╖к▐кжкш<br>▐╓кдїєк╣к╬к╧ ╧╓кмкдк┐<br>лол┐?Єек├к╞кы ╧╓кмкдк┐<br>╪╬кькщкьк╩кдкєк└кш<br>к└клкщ▄╥км╩░кжкш<br>к╟ктї╠¤нк╦╠╕к┐кдк╬к╧<br>кнк├к╚кткж╧╓к╬┘╙к╬ёщ<br>кткжьщ╙° к▐к┐┌дклк╗к╞кпкькш<br>┌дкнк┐кдкєк└<br>ктк├к╚?к▓╬╓?к╬╩░<br>к▐к└с╝кик╩кд ┘╙к╬╩░є▌кик╞<br>╧╓кмкдк─кт╩░кж╬╓?к╬╩░<br>к▐к└с╝кик╩кд ╧вк║к╡кєк╟к╖к▐кжкш<br>╒кк┴к╞кп╬ж╦█к╧р╪┘ек╟<br>╠╕к╗к┐кд┌▒?к╧?смк╟<br>к╣кок╞кпьэ?к╦к╧╘я╩як╩╧╓к╪<br>╒кк┴к╞кп╬ж╦█к╧р╪┘ек╟<br>╠╕к╗к┐кд┌▒?к╧?смк╟<br>к╣кок╞кпьэ?к╦к╧╘я╩як╩╧╓к╪<br>к═кз ктк├к╚?к▓╬╓?к╬╩░<br>к▐к└с╝кик╩кд ┘╙к╬╩░є▌кик╞<br>╧╓кмкдк─кт╩░кж╬╓?к╬╩░<br>к▐к└с╝кик╩кд ╧вк║к╡кєк╟к╖к▐кжкш whoa<br>к═кз ▄╥кщ ╪∙кьк╩кдхик╦твкЄу▀к╨к╖к╞<br>╪∙кщк╩кдхикЄк▐к┐у▀к╨к╖к╞<br>╪∙кпк╩кдк▐к└к═<br>к╜кєк╩ьэ?к╟кдк┐кдк╬к╦к╩<br>єдкък║к╦ ╪∙кьк╩кдхик╦твкЄу▀к╨к╖к╞<br>╪∙кщк╩кдхикЄк▐к┐у▀к╨к╖к╞<br>╪∙кпк╩кдк▐к└к═<br>к╜кєк╩хик╦╩░кж ╬╓?к╬╩░<br>╒кк┴к╞кп╬ж╦█к╧р╪┘ек╟<br>╠╕к╗к┐кд┌▒?к╧?смк╟<br>к╣кок╞кпьэ?к╦к╧╘я╩як╩╧╓к╪<br>╒кк┴к╞кп╬ж╦█к╧р╪┘ек╟<br>╠╕к╗к┐кд┌▒?к╧?смк╟<br>к╣кок╞кпьэ?к╦к╧╘я╩як╩╧╓к╪');
Insert into JPAT.MUSIC (POST_IDX,MUSIC_IDX,SINGER_IDX,MUSIC,LYRICS) values (9,6,5,'л╧л├л╘?лилєл╔','к╡кшк╩кщкм¤кк╬?к╦ к─к├клкик╞к╖к▐к├к╞<br>·жкЄк╣кык▀к┐кдк╦квкъкмк╚кжк╞хык├к┐к╬<br>єнк╬хычик╧к╔к│клк╚ л▌л▒л├л╚кЄўок╖к╞кт<br>╠╕к─клкык╬к╧квк╩к┐кЄ√┐кнк╩▐чк└к▒<br>°┴?кш╙▐э█▄¤к└кшщ╨к╖кпк╩кьк┐к╚▐╓к├к╞<br>ъ├кдк╦?кяк├к╞ї╠¤нк╧?к╦к╩к├к╞<br>?кдк▐к▐═╜кьк╞кдкп<br>квк╩к┐кЄ√┐кнк╩к▐к▐к╟с╝кик╞кцкп<br>▐чк▀к┐кдк╚твк╦Ўвк├к╞<br>?к╦квк├к┐▀╠кдк╚ьщ?к╦ф─къ╧ўк╖к┐к╬<br>╙▐э█▄¤ ╙▐э█▄¤<br>╨╤к╣к░к╦°┘кнк╖кск╞<br>▐чкмкдкьк╨∙╝кткдкщк╩кдк╚<br>к╜кьк└к▒хык├к╞лнл╣кЄк╖к╞<br>к╩кєк╞к═ ?к└кш к┤кскєк═<br>к│кєк╩у┴▐╓кдїєк╣▐└к╕кук╩кдк╚к╧▐╓кжкєк└к▒к╔<br>г▒ь╤к╦к╖к╩кдкшк├к╞квкь?к╧¤Ёк╖клк├к┐кш<br>квк╩к┐кмщ╕?кЄїєк╖к╞Ї°кск╞я│№екЄкпкьк┐<br>квк╬хик╬▐чк╚∙╝кмъ▐кжкєк└кэкж<br>к╔кьк└к▒╫юкьк╞кдк╞ктк╔кєк╩к╦?кик╩кпк╞кт<br>?Єек┴км?кякщк╩кдклкщк│к│к╦кдкык╬к╦<br>?кдк▐к▐═╜кьк╞кцкп<br>квк╩к┐кЄ√┐кнк╩к▐к▐к╟с╝кик╞кцкп<br>▐чкЄк║к├к╚?кик╞кдк╞<br>к╩кєк╞к═ ?к└кш ък?к╟кдк╞к═<br>ышклк╩кд▐чк╦с┤к╖к█к├к╚к╖к┐ф╘к╬квк╩к┐<br>▀╙?кякщк║єх?к═ к╜к│кт╙▐√┐кнкш<br>?км▄їк▒к╨?к╦кдк╞<br>▄мк╦╧╓к╬к▐к▐к╟кдкдк╬к╦к╩кєк╞<br>унтвк╦?у╘кдк┐кпк╗к╦<br>╠╕кикыюя▌╗?к│кикыюяк╞<br>▀ф▄їк▒к┐кпк╗к╦<br>?кдк▐к▐═╜кьк╞кцкп<br>квк╩к┐кЄ√┐кнк╩к▐к▐к╟с╝кик╞кцкп<br>▐чк▀к┐кдк╚твк╦Ўвк├к╞<br>?к╦квк├к┐▀╠кдк╚ьщ?к╦ф─къ╧ўк╖к┐к╬<br>╙▐э█▄¤ ╙▐э█▄¤<br>╨╤к╣к░к╦°┘кнк╖кск╞<br>▐чкмкдкьк╨∙╝кткдкщк╩кдк╚<br>к╜кжхык├к╞кткж╫юк╡к╩кдк╟<br>к╩кєк╞к═ ?к└кш к╡кшк╩кщ');
Insert into JPAT.MUSIC (POST_IDX,MUSIC_IDX,SINGER_IDX,MUSIC,LYRICS) values (10,7,6,'CRY BABY','¤╪к░кщкЄ?к▐кьк╞ ?╓нк╩л╤лєл┴кЄу▌кщк├к╞кшкэк▒к╞<br>╠╖кЄ?к┘кжк║кпк▐к├к┐<br>х°▄├ў╫кък╬щык╦ккюёк╧к╦кфк▒к╞<br>б╕▀┐╧вкм╤╗╒Єк╦к╩кыб╣к╩кєк╞?кЄк─кп<br>кдк─кт╧в¤╜?к╡кикжк▐кпїє?к╩кдкпк╗к╖к╞<br>?кик╩кдщ╖╙╚хыкжк╩кш<br>квк▐кък╬к─к▐кщк╩к╡к╦┘═кмы╚кєк└<br>∙╝╙°кт?лвл╢к└кщк▒к╟?кЄ ╫╡к╖к╞ ╫╡к╖к╞<br>▄Їф╠я╥к╩у¤кЄ╠╖к╦чшк▒∙ъкдк╩кмкщ ▌пкъя╖к├к┐л╨л├л╔лилєл╔к╦∙ўкж<br>к╩к╝к└кэкж ¤ьк╙кшкъкту¤Євкшкдў╘к▀ к║к├к╖кък╚·┬кдк╞<br>ыбкьк┐▄╫к╦р▀Ўшк┴к╖к╩кмкщ Ё■кь▀╛кмк├к┐ф╘кЄ╠╕∙ък├к╞с┼кж<br>ў╧▐у╦╜кък╬хик╦ рек├к┐лъл┘лєл╕<br>¤╪к░кщкЄ?к▀┌ўк╖к╞ ┌у?к╬л╤лєл┴кЄЁ█къїєк╣кпкщкдк╕кук╩кнку<br>ккюёк╬╫Ўк╦к╧╪бк╞к╩кдклкщ<br>▀╙твкм∙╝к╟квкььэ√·кщк╩кд ∙╝╙°у▀к╡кьк╞ктЇЇкск╩кд<br>╪╬кькык╩╪╬кькык╩к╚хыкд┌дклк╗?к▒к┐к╬к╦<br>к╔кжк╖к╞<br>(кфкъЄ┴к╖к╞ к╖кпк╕к├к╞) к╔кжк╖к╞<br>(╙╬к▀╙юк╖к╞ ╠╖╒кк╚к╖к╞) к╔кжк╖к╞ к╔кжк╖к╞<br>квкб ▀бк╧кдкщк╩кдклкщхычикЄьщк─кпкьк╩кдкл<br>┌░?кдщ╨к╖к╡к╟к╧к╩кп<br>х░ыхк╦Ў╒к╡кьк┐¤╪к╬?кЄ╠╝кыкшкжк╩хычикЄ<br>∙╝╙°кт?лвл╢к└кщк▒к╟?кЄ ╫╡к╖к╞ ╫╡к╖к╞<br>▄Їф╠я╥к╩у¤кЄ╠╖к╦чшк▒∙ъкдк╩кмкщ ▌пкъя╖к├к┐л╨л├л╔лилєл╔к╦∙ўкж<br>к╩к╝к└кэкж ¤ьк╙кшкъкту¤Євкшкдў╘к▀ к║к├к╖кък╚·┬кдк╞<br>ыбкьк┐▄╫к╦р▀Ўшк┴к╖к╩кмкщ Ё■кь▀╛кмк├к┐ф╘кЄ╠╕∙ък├к╞с┼кж<br>ў╧▐у╦╜кък╬хик╦ сЎкякьк╬ьэ?к╦ ┘¤кдклк▒кыкшкжк╦<br>╬├к├к┐╘┌к╬ёщк╟ рек├к┐лъл┘лєл╕');
Insert into JPAT.MUSIC (POST_IDX,MUSIC_IDX,SINGER_IDX,MUSIC,LYRICS) values (11,8,7,'STELLAR STELLAR','к└к├к╞▄╥к╧р°к└клкщ<br>Stellar Stellar<br>кнк├к╚╧╓к╧кткж?к┼кдк╞кдк┐<br>▄╥к╬у¤к╬?к╟┘┌кдк┐<br>к╜кькм к│кьклкщ№ек╣ Єч▌пк╩лтл╬лэ?л░к╡<br>к║к├к╚хыкик╩кдхычикмквк├к┐<br>?к╗к╩кд█·кмквк├к┐кєк└ к║к├к╚к╡<br>к╒к├к╚·┼къ╪бк─Ё╚к╬?кдкм<br>к╔кжк╖кшкжктк╩кпёєкщк╖кпк╞<br>▌╗шйк╬щък╟ угкЄ°┘кик╞Єшкик╞кдк┐<br>ў╝х╒к╩кєк╞кдкщк╩кдклкщ<br>┘ек▒к╩кдк╟кдк╞<br>к╜к╬твкЄу▀к╨к╖к╞ т┴клк╦?кпкшкжк╦<br>▄╥к└к├к╞╧╓к╚╘╥к╕ ўх▄мк╩кєклк╕кук╩кдклкщ<br>к╜кжк╡ ▄╥к╧хикЄ╩░кжкш Stellar Stellar<br>квкък├к┐к▒к╬¤╩кнк╟<br>╨╤с▓ ых?к╧ к║к├к╚ к║к├к╚ Єнк▐к╩кд<br>к╜кжк└ ▄╥кмк║к├к╚к╩кък┐клк├к┐к╬к╧<br>╙тк├к╞кыл╖лєл╟льлщк╕кук╩кдк╡<br>ч╩кик╦·╝кпш▌эн?к└<br>к└к├к╞▄╥к╧р°к└клкщ<br>к╩кєк╞ квкък╒кьк┐№ек╩кєк└<br>╫т▀╠к└к▒▀Ўкн╓зк═к╞кдк┐<br>л╬?л╚к╬щък╦╪∙кы к█кєк╬лялєл╖?лєк└<br>кнк├к╚квк╬р°ктышкдк╞кыкєк└<br>┘еьэк╩кєк╞?к╩кдк▐к▐к╟кдк╞<br>к╜к╬твкЄу▀к╨к╖к╞ т┴клк╦?кпкшкжк╦<br>▄т?к╦╙▐я╖к╩ктк╬к╧<br>┘═к╦╠╕кик╩кдк▀к┐кдк╩кєк└<br>к╜кжк╡ ▄╥к╧хикЄ╩░кжкш Stellar Stellar<br>квкък╬к▐к▐═┼кик╩кдк╟<br>╨╤с▓ ых?к╧кнк├к╚кнк├к╚Єнк▐к╩кд<br>к╜кжк└ ▄╥кмк║к├к╚к╩кък┐клк├к┐к╬к╧<br>квкиклк╩л╥лэлдлєк╕кук╩кдк╡<br>╧нкдк╦·╝кпл╥?лэ?к└<br>┘╙╠╕кмк┴к╩ккк╚ко№е<br>ккк╚ко№е<br>к╜кжк╡ ▄╥к╧хикЄ╩░кжкш Stellar Stellar<br>квкък├к┐к▒к╬¤╩кнк╟<br>╨╤с▓ ых?к╧к║к├к╚к║к├к╚Єнк▐к╩кд<br>к╜кжк╡ ▄╥к╧фёкЄ╩░кжкш Stellar Stellar<br>сж═г щ╘ё╡к╬?кєёщк╟<br>╨╤с▓ ых?к╧кнк├к╚кнк├к╚Єнк▐к╩кд<br>к╜кжк└ ▄╥кмк║к├к╚к╩кък┐клк├к┐к╬к╧<br>╙тк├к╞кыл╖лєл╟льлщк╕кук╩кдк╡<br>ч╩кик╦·╝кпш▌эн?к└<br>к└к├к╞▄╥к╧р°к└клкщ<br>к╜кжк└▄╥к╧р°к└к├к┐<br>Stellar Stellar');
Insert into JPAT.MUSIC (POST_IDX,MUSIC_IDX,SINGER_IDX,MUSIC,LYRICS) values (12,9,5,'тй°┴р╩','їє?кык└к▒?к╧┘экдкшкжк╦<br>к╔кєк╩у┴ктщ╨к╖кпквкькыкшкжк╦<br>ь╤кмў╘к▀кЄ╩як╕к┐у┴к╦к╧<br>э╗▌┬к╬▐└к╬кшкжк╦▐╓кикыкшкжк╦<br>яск╖к╡кЄ ▄мк╬яск╖к╡к╟<br>уўкпк╣▌шк╖к▀к╦кт їє?кжк▒кьк╔<br>тй°┴р╩км╬├кыЁ╚к╦ квк╩к┐к╬¤ё╪╨км▌┌кь╒кк┴к╞<br>∙жк╦▐лк╨к╡кькы¤т°╕к╦ т┴клкм╤╗╒Єк╚?кдк╞кы<br>▌шк╖кд?к╟╩░кдк╩кмкщ кдк─к╖кл·нк╦╫╡кьє╖кдк╞ ╬├к├к╞<br>квк╩к┐к╧к╜кькЄ╠╕кык╟к╖кчкж<br>э╗▌┬к╬█╬ёщк╧ ╠╕кик╩кдк╬к└клкщ<br>Ў╗к║клк╖кмкщк║ь╤к╦ у№к═кык╚кдкд<br>у¤к╧т┴к╦кт╠╕кик╩кдк╬к└клкщ<br>╠╕кикыктк╬кшкъкт╙▐▐└к╦к╣кык╚кдкд<br>?ьэкмёьк╩кы▐└к╟<br>?кик╩кпк╩кыь╤ктїє?кык▒кьк╔<br>ўткнў╫кык█к╔╙┐кдхик╦ квк╩к┐к╬┘╙кмк╥к╚к─?к├к╞<br>??к╚┌╨твк╬ёщк╦ т┴клк╬▌ш┘░км?кьк╞кдкы<br>╥▒кикы╫тыжкЄўок╖к╩кмкщ кдкпк─кт╙═кикЄ°┘кик╩кмкщ ?кєк╟<br>квк╩к┐к╧э╗▌┬кЄЄ▒кык╟к╖кчкж<br>т┴к╬у¤к╦?кы▐└кт ┘═к╦?кн▄їкп▐└ктк╩кд╨╤ьэкт<br>?ыхк╚Ёыыхк╬?к╟ ▐чк╧к│к│к└к╚╨гкєк╟кдкы<br>тй°┴р╩км╬├кыЁ╚к╦ квк╩к┐к╬¤ё╪╨км▌┌кь╒кк┴к╞<br>∙жк╦▐лк╨к╡кькы¤т°╕к╦ т┴клкм╤╗╒Єк╚?кдк╞кы<br>▌шк╖кд?к╟╩░кдк╩кмкщ кдк─к╖кл·нк╦╫╡кьє╖кдк╞ ╬├к├к╞<br>квк╩к┐к╧к╜кькЄ╠╕кык╟к╖кчкж<br>квк╩к┐к╧к╜кькЄ╠╕кык╟к╖кчкж');
Insert into JPAT.MUSIC (POST_IDX,MUSIC_IDX,SINGER_IDX,MUSIC,LYRICS) values (16,10,2,'SHUTTER','╧╓к╚╠╕кык╧к║к└к├к┐№г√¤км<br>хик╬╨└╩ркЄ╪╪кск╞кп<br>╩я▀┐к╦к╥к┐к├к┴к▐кжклкщ<br>Twitterк╧°═к╕к┐<br>▌▄к╬▀╛к╦Ў╟кдк┐лллслщкт<br>╨╤╦х╫юкЄЎ╟кнк┐кдкпкщкд<br>▄╥к╧╨╤ьэюяк╞уўк├к╞<br>ьщьэёщышкдк╞кдк┐<br>▄т?к╬?Єек┴к╧<br>кфк├к╤къкяклкщк╩кдк▒к╔<br>╧╓к╬лвлыл╨лрк╦╦▄кы▄╥кЄюя▌╗<br>с╝к╖к┐кєк╟к╖кчкж<br>л╖лул├л┐?км╒кк┴кык▀к┐кдк╦<br>╧╓кЄя╖къЎвк├к╞?к╦╒кк┴к╞<br>у¤к╬лвлыл╨лрк╦юя▌╗<br>к╜к├к╚к┐кс?кєк╟к┐<br>к└клкщк╡ к└клкщк╡<br>▐┬їокт?кдкт?кик╞кдкы<br>л╖лул├л┐?кЄя╖кыу┴╩ркт<br>╧╓к╦?кьк╞кдкьк╨╒▐клк├к┐<br>юяк╞к╬у┴╩ркЄ╧╓к└к▒к╦▐┼кик╨кшклк├к┐<br>кк╠╜к▐кък╬л╟?л╚л│?л╣к╚<br>кк╠╜к▐кък╬фёк╬хычи<br>╠╕?кик╬╒▐кдктк╬к╨клкъкм<br>лдлєл╣л┐к╦?к├к┐<br>▌▄к╬▀╛к╦Ў╟кдк┐лллслщк╕ку<br>ч▒к╗к╩кдктк╬км<br>╧╓к╚▄╥к╬╩рк╦квк├к╞<br>к╜кьк╦?к┼к▒к╩клк├к┐<br>╨╤к╟кт?Єек┴к╧<br>кфк├к╤къкяклкщк╩кдк▒к╔<br>╧╓к╬лвлыл╨лрк╦╦▄кы▄╥к╧юя▌╗<br>кдкщк╩кдкєк╟к╖кчкж<br>л╖лул├л┐?км╒кк┴кык▀к┐кдк╦<br>╧╓кЄя╖къЎвк├к╞?к╦╒кк┴к╞<br>?к╖к┐кпк╩кпк╞┘э╤ёк╦<br>кнк├к╚кфкъ╬жк┤к╖к╞к┐<br>к└клкщк╡ к└клкщк╡<br>ч▒кък╬?кд▄╥к└к├к┐кэкж<br>л╖лул├л┐?кЄя╖кыу┴╩ркт<br>╧╓к╦?кьк╞кдкьк╨╒▐клк├к┐<br>юяк╞к╬у┴╩ркЄ╧╓к└к▒к╦▐┼кик╨кшклк├к┐<br>к╔кєк╩к╦╤╗╒Єк╟┌╕к╖кд?р┤к▀к┐кдк╩▐╓кдїєкт<br>к╜к│к╦▄╥км╦▄к╩кнку ╧╓км╦▄к╩кнку<br>∙╝к╬ыЄ┌лктк╩кдк╬к╦<br>л╖лул├л┐?км╒кк┴кык▀к┐кдк╦<br>╧╓кЄя╖къЎвк├к╞?к╦╒кк┴к╞<br>?к╖к┐кпк╩кпк╞┘э╤ёк╦<br>кнк├к╚кфкъ╬жк┤к╖к╞к┐<br>к└клкщк╡ к└клкщк╡<br>ч▒кък╬?кд▄╥к└к├к┐кэкж<br>л╖лул├л┐?кЄя╖кыу┴╩ркт<br>╧╓к╦?кьк╞кдкьк╨╒▐клк├к┐<br>л╖лул├л┐?км╒кк┴кык▀к┐кдк╦<br>╧╓кЄя╖къЎвк├к╞?к╦╒кк┴к╞<br>у¤к╬лвлыл╨лрк╦юя▌╗<br>к╜к├к╚к┐кс?кєк╟к┐<br>к└клкщк╡ к└клкщк╡<br>▐┬їокт?кдкт?кик╞кдкы<br>л╖лул├л┐?кЄя╖кыу┴╩ркт<br>╧╓к╦?кьк╞кдкьк╨╒▐клк├к┐<br>юяк╞к╬у┴╩ркЄ╧╓к└к▒к╦▐┼кик╨кшклк├к┐');
Insert into JPAT.MUSIC (POST_IDX,MUSIC_IDX,SINGER_IDX,MUSIC,LYRICS) values (17,11,2,'л╔лщлдл╒лщля?','╥¤▌┬ ▐чк╕кук╩кпк╞кдкдк═<br>х∙ыок╬к╩кдьгь╤к└к├к┐к╖<br>?▄їк▒к╨¤╜?к╨к├клкък╖к╞к╡<br>к┤кскєк═<br>к║к├к╚№ек╜кжк╚▐╓к├к╞к┐<br>кнк├к╚▐чк┐к┴∙ъкяк╩кдк═<br>ьгь╤кнкък╖клкдк╩кд▌╗шйк╟к╡<br>╧■█░к╨клкъ№ек╖к╞кдк┐кшк═<br>ктк╖кдк─кл∙╝?клк╟?кик┐кщ<br>╨╤ьэк╬▐└кЄс┼к├к╞кпкькыклк╩<br>╫тыжктк┴кукєк╚№ек╗к╩кдк▒кьк╔<br>╧■█░км╪∙к├к┐¤нк╦ышкпк╬к╧·ю<br>?ктф╘кт▄Ї╨ящ─к╩к╚к│кт<br>юя▌╗юя▌╗ ·юкдк╕кук╩кдк╬<br>л╔лщлдл╒лщля?к▀к┐кд<br>╧╓к╚к╬ьэ?кткнк├к╚кнк├к╚кнк├к╚кнк├к╚<br>▀фў█к╗кы<br>╥¤▌┬ ╧╓к╕кук╩кпк╞кшклк├к┐<br>кткжышклк╡кькык│к╚ктк╩кдк╖<br>б╕▐чк╨клкъб╣к╩кєк╞хычикт<br>к╩кпк╩к├к┐<br>квкєк╩к╦▌шк╖кд▄мкьк╟кт<br>у┴╩ркмк┐к╞к╨╪╬кьк╞кп<br>уцк╖кдь╤к╚?к╓╧╓к╧<br>к┴кукєк╚кжк▐кпкфкьк╞кдкык╬клк╩<br>кткжф╘кт╠╕к┐кпк╩кдклкщк╡<br>?к╦╓з╒йк╖к╞к│к╩кдк╟к█к╖кд<br>╘┤∙ъкмкдкдк╬к╧?кяк├к╞к╩кдкєк└к═<br>к╟кт┘эу╩к╟кнк║к╦к▐к┐с┤к╖┌ў▐└<br>?ктф╘кт▄Ї╨ящ─к╩к╚к│кт<br>╥¤▌┬╨╤кт ·юкдк╕кук╩кдк╬<br>л╔лщлдл╒лщля?к▀к┐кп<br>у┴╩ркм?к╞к╨<br>кнк├к╚кнк├к╚кнк├к╚кнк├к╚▀фў█к╗кы<br>ъ┼?кък╦╪к┌ккм?кькы<br>кнк├к╚▐чктк╔кжклк╖к╞кы<br>ф▐фск╦▀фєЇкм▌йклк╓<br>юх?╒└▀фкм¤╪к╬?<br>к║к├к╚╧■█░к╬┘гюёкЄ√╝к╓<br>√┐кнк╚кдкж?Єек┴<br>к▐к┐·┼кы<br>?ктф╘кт▄Ї╨ящ─к╩к╚к│кт<br>юя▌╗юя▌╗ ╙▐·юкдк└кш<br>к▐к└═╜кьк╩кд№гкЄ<br>╧╓к╦Ї╒кик╞к╡<br>к║к├к╚к║к├к╚к║к├к╚к║к├к╚<br>°┘кик╞кш ah, ah');
Insert into JPAT.MUSIC (POST_IDX,MUSIC_IDX,SINGER_IDX,MUSIC,LYRICS) values (21,12,8,'фёк╚кл?к╚кл','ъ┼ш°ьэк╬Ё╚ щ╪ъжк╩?Єек┴кт ╧╓к╚?кжьэкЄ▐╓кд▌йклк┘кьк╨<br>кдк─ктк╬╘│к╦щ╨к╖кд∙жкмЎгкн у¤?к▐к╗╨╤ьэкму╖к▐кыкш<br>рок╧?клк╩клк├к┐квк╬╩░кф ч▒?кф·┼тйк╬?кдк╟к╡кикт<br>╧╓км√┐кнк╩ктк╬к├к╞к└к▒к╟к╡ к╔кжк╖к╞▄╥кт√┐кнк╩кєк└кэкж<br>к│кєк╩к╦кт<br>фёк╚кл?к╚клк╬хычик╟°╕▄їк▒кщкьк╩кдкпкщкдк╬<br>б║фёк╖к╞кыб╗кмьюкьїєк╖к╞ Єнк▐кщк╩кд▀╠кд<br>╧╓кт╘╥к╕клк╩ ?кикшкж┘═кЄ╠╕к╞ ╨╤к╣к░ё╦к├к┐<br>╫юкьк╩кдкшкжк╦ ╫юк╡к╩кдклкщ °┘кнк╖кск┐кдкшк║к├к╚<br>?кик╩кду┴к╧▐╓кдїєкЄкскпк├к╞ ╨╬кпк╦╧╓кЄ╩як╕к╞?к▐к╡кь<br>¤═?к╦ч▒кы╧╓клкщк╬ў╫Є▒кЄ ╦╥кпу┴╩рк╦с┼ф╘к╦к╩кькыкш<br>▄╥к╬ш╙к╟╧╓км╪∙кыхикт ┘╙к╟кткдк─к╟кт╧╓к╚╬жк┤к╖к╞к┐<br>┘═км?кск╞кт┘╙к╧секск╩кдк▐к▐ у¤км╧╓к╟?к┴к╞кдкп<br>к│кєк╩к╦кт<br>фёк╚кл?к╚клк╬хычик╟°╕▄їк▒кщкьк╩кдкпкщкдк╬<br>б╕фёк╖к╞кыб╣кмьюкьїєк╖к╞ Єнк▐кщк╩кд▀╠кд<br>с·кък┐кд┘еьэкт к│к╬р╗█╛кькы┌▒?кЄюя▌╗<br>чшк▒к╞к█к╖кд ╧╓ьдштк╧кткжЎтк╦к╧∙╝кткдкщк╩кд<br>б╕к╩кєк╚ктк╩кдкшб╣б╕╙▐э█▄¤к└кшб╣<br>ьюк╣╧в█■ ▄╥к╧?к┼кдк╞кыкш<br>х░кпк╞кткдкд ышкдк╞кткдкдкєк└кш<br>▄╥к╬юёк╟?кмкщк╩кдк╟<br>фёк╖к┐╫тыжк╧к╡<br>квкъкнк┐кък╩к╬клктк╖кьк╩кдк▒к╔<br>╧╓ьдштк╦к╧═┼кикщкьк╩кд<br>фёк╚кл?к╚клк╬хычик╟°╕▄їк▒кщкьк╩кдкпкщкдк╬<br>б║фёк╖к╞кыб╗кмьюкьїєк╖к╞ Єнк▐кщк╩кд▀╠кд<br>╧╓кт╘╥к╕клк╩ ?кикшкж┘═кЄ╠╕к╞ ╨╤к╣к░ё╦к├к┐<br>╫юкьк╩кдкшкжк╦ ╫юк╡к╩кдклкщ °┘кнк╖кск┐кдкшк║к├к╚');
Insert into JPAT.MUSIC (POST_IDX,MUSIC_IDX,SINGER_IDX,MUSIC,LYRICS) values (24,14,10,'ц╜┘╙','квк╩к┐км╪╨крк╩кщ<br>к│к╬¤╪кЄ▐╥ў╫к╖к╞<br>?кък╬┘экд▄╥кткдк─кл<br>∙╝э║клк╦рўкьк┐к╩кщ<br>?ктк╩кп<br>?кмьюкьк╜кжк╩<br>хикЄ╪╪кс?кпк╣<br>¤╩кп┘╙к╚рўкы<br>█▄кду╙к╧?кък╩кп<br>╘╧к╬∙╬к╡к╦щ┴к▒к╞с╝кик┐<br>квк╬ьэк╬ёьк═к┐твк╚твк╬<br>х∙цЁк╕куквк▐кък╦?кък╩кдк╬<br>їЁк╧кдк─к└к├к╞<br>?к┐къюёк╬?к╦<br>ч╩кик╦?кык╚<br>к╜кж▐╓к├к╞кдк┐квк╬╠ё<br>╠б°═к╕кьк╨<br>┘╙к╧кдк─к└к├к╞<br>яс┘╙к└к╚уск╕к╞к┐квк╬╠ё<br>квк╩к┐км╪╨крк╩кщ<br>∙╝??кт▐лк┘кыклкщ<br>ыЄ?Євк╬┘экд▄╥кткдк─кл<br>▀цкнкыыЄ┌лкЄ╠╕к─к▒к┐к╩кщ<br>фёк╚ёєкЄ<br>?к╚?ко∙ъкяк╗к╞<br>ьщ▀цфєсекск╩кдяяк╬<br>№╪кєк└┘╙к╚рўкы<br>╘╨кикыхи═ЎкЄ<br>ьгь╤к╟?к▒їєк╣к╬<br>квк┐к┐клкдл│?л╚кЄ<br>к╜к├к╚╬╨к▒к┐к╩кщ<br>квк╩к┐к╧кдк─к└к├к╞<br>?к┐къюёк╬?к╦╫Ўк╦кдкык╚<br>к╜кж▐╓к├к╞кдк┐квк╬╠ё<br>уўкпк╗кфк╖к╩кд<br>╤└хук╬щыкм═п▀┐к╪к╚<br>у■к▀╘дкэкжк╚кт<br>квк╩к┐км╪╨крк╩кщ<br>к│к╬¤╪кЄ▐╥ў╫к╖к╞<br>?кък╬┘экд▄╥кткдк─кл<br>∙╝э║клк╦рўкьк┐к╩кщ<br>?ктк╩кп<br>?кмьюкьк╜кжк╩<br>хикЄ╪╪кс?кпк╣<br>¤╩кп┘╙к╚рўкы<br>╤└хук╬·нкЄ?к├к╞<br>фёк╬¤т°╕кЄужк├к╞<br>квк╩к┐к╬ёщк╦к║к├к╚<br>·▀к╖кдсж═гкЄк╜к├к╚ oh yeah<br>к│к╬фёкм╓╟киё▒кдк╬кшкжк╦<br>к╕кєкякък╚к╕кєкякък╚<br>к│к╬ує?у┌кєк└к╚к╖к╞кт<br>у¤к╬?ю╝клкщ<br>квк╩к┐кмьюкьїєк╖к╞<br>╧┤кс∙ък├к╞ёьк╩къ∙ъкж<br>к╜к╬р╗к╟▄╥кщ┘╙к╚рўкь<br>квк╩к┐км╪╨крк╩кщ<br>к│к╬¤╪кЄ▐╥ў╫к╖к╞<br>?кък╬┘экд▄╥кткдк─кл<br>∙╝э║клк╦рўкьк┐к╩кщ<br>?ктк╩кп<br>?кмьюкьк╜кжк╩<br>хикЄ╪╪кс?кпк╣<br>¤╩кп┘╙к╚рўкы<br>яс┘╙к╟кт ц╜┘╙к└к╚к╖к╞кт');
Insert into JPAT.MUSIC (POST_IDX,MUSIC_IDX,SINGER_IDX,MUSIC,LYRICS) values (25,15,6,'PRETENDER','╧╓к╚к╬лщл╓л╣л╚?лъ?<br>к╜кьк╧х°▀╠ў╫къ<br>кдк╢у╖к▐кьк╨к╥к╚къЄ╣╦▄к└<br>к║к├к╚к╜к╨к╦кдк┐к├к╞<br>╠┐╧╤к┐к└к╬?╦╘к└<br>╩яя╫к╬к╩кдлвлдлрл╜?лъ?<br>к╜кьк╧кдк─ктў╫къ<br>╬▒кьк╞к╖к▐кик╨?кпк╧к╩кдк▒к╔<br>╧╓к╚к╬лэл▐лєл╣к╧ь╤▀ц▄╖<br>?кнк╧к╖к╩кдк│к╚кЄЄ▒к├к┐<br>ктк├к╚ъ▐кжртя╥к╟<br>ктк├к╚ъ▐кж?╠їк╟<br>їє?кикысж═гр╩<br>р╘к┘к┐кщкшклк├к┐<br>ктк├к╚ъ▐кжрї╠лк╟<br>ктк├к╚ъ▐кж?Ў╖?к╟<br>фёкЄ?кикщкьк┐кщкдкдк╩<br>к╜кжъ├к├к╞кт┘э?к└клкщ<br>л░л├л╨лд<br>╧╓к╬ъб┘дк╬л╥л╚к╧▄╥к╕кук╩кд<br>уЇкдк▒к╔▄·кск╩кд<br>к╟кт╫юкь╤ёкдк╬к╡<br>к╜к╬?к╦?кьк┐к└к▒к╟<br>ў╘кдкф кдкфк╟кт<br>╩Ўкдк╩ кдкфкдкф<br>л░л├л╨лд<br>к╜кьк╕ку▄╥к╦к╚к├к╞╧╓к╧∙╝г┐<br>╙═кик╧▌┬клкщк╩кд<br>▌┬клкък┐кпктк╩кдк╬к╡<br>к┐к├к┐к╥к╚к─№мклк╩к│к╚кмквкык╚к╣кык╬к╩кщк╨<br>╧╓к╧╤╗╒Єк└<br>т┴клкмъ╔к╜кжк╦<br>х▐кы?фёк╬╓х╫т<br>∙╝к╥к╚к─к╚к╖к╞л╘лєк╚к│к╩кпк╞<br>▐л·╝╤жк╬єыклкщ╠╕∙╗кэк╖к┐<br>Є▒кщк╩кд╩╢к╬хи╠╪к▀к┐кдк└<br>ктк├к╚ъ▐кжртя╥к╟<br>ктк├к╚ъ▐кж?╠їк╟<br>їє?кикысж═гр╩<br>р╘к┘к┐кщкшклк├к┐<br>кдк┐к├к╞тэк╩у¤к╟<br>?к├к┐?кЄ°┘кнк╖кск╞<br>√┐кнк└к╚кл┘эЇбьЄк╦хыкик┐кщкдкдк╩<br>к╜кжъ├к├к╞кт?к╖кдк╬к╡<br>л░л├л╨лд<br>?кдк└твк╬·╛к│кжк╦лилєл╔лщлдлє<br>ь┌кну▀к╨к╣к┐к╙к╦<br>╘┘кнк└к╣┌▒?к╦к╧<br>╧╓к╧кдк╩кд<br>к╜к╬▐└?к╦ Cry<br>к╜къку═╚к╖кдкшк╩<br>л░л├л╨лд<br>╧╓к╬ъб┘дк╬л╥л╚к╧▄╥к╕кук╩кд<br>уЇкдк▒к╔▄·кск╩кд<br>к╟кт╫юкь╤ёкдк╬к╡<br>к╜к╬?к╦?кьк┐к└к▒к╟<br>ў╘кдкф кдкфк╟кт<br>╩Ўкдк╩ кдкфкдкф<br>л░л├л╨лд<br>к╜кьк╕ку▄╥к╦к╚к├к╞╧╓к╧∙╝г┐<br>╙═кик╧▌┬клкщк╩кд<br>▌┬клкък┐кпктк╩кдк╬к╡<br>к┐к├к┐к╥к╚к─№мклк╩к│к╚кмквкык╚к╣кык╬к╩кщк╨<br>╧╓к╧╤╗╒Єк└<br>к╜кьктк│кьктлэл▐лєл╣к╬я╥кск╩кщ<br>?кпк╩кдкшк╩<br>ч╡ъ└ктх│с╓ктк╩кдк▒кьк╔<br>к╚к╞кт╤╗╒Єк└');
Insert into JPAT.MUSIC (POST_IDX,MUSIC_IDX,SINGER_IDX,MUSIC,LYRICS) values (28,16,11,'лщл╓льл┐?','Ї°кск▐к╖к╞╙▐√┐кнк╩ых?к╪<br>к║к├к╚═┼кик╞к┐к│к╚<br>к╔кжкл┌дкдк╞к█к╖кпк├к╞<br>(?кик┐кдк│к╚кмквкыкєк╟к╣)<br>к┴кчк├к╚Ё╬кьЎлкдк▒кьк╔<br>к║к├к╚▀╠к├к╞кдк┐к│к╚<br>к│кєк╩кктвЄ╡к╦?кск╞<br>(?кдк╞кпкьк▐к╣кшкжк╦)<br><br>к╔кєк╩у┴ктквк╩к┐к╬<br>хычи ?кЄ?кдк╞кдкык└к▒к╟<br>╒Їкмщ└кдк╞кпкыкєк└<br><br>к═ки<br>с┼к├к╞кдк┐кдкшк╔кєк╩у┴кт<br>к╟ктуЇкдф▐кдў╘кдьэктквкы<br>к▒к╔к═<br>квк╩к┐к╦?кькык└к▒к╟?▄їк▒к╨<br>к│к╬сж═гкм▀фр╪кфклк╦к╩кы<br>№гкм?кпкшкжк╦<br>с┼к├к╞ышкдк╞к╔кєк╩у┴к└к├к╞<br>р╘кєк╟кдкдкєк└кдк─к╟ктэ╗ыжк╦<br>╨╤ьэк╧к╔кєк╩квк╩к┐к╦їє?кикыклк╩<br>к│к╬сж═гкмЁ√кякык╜к╬ьэк▐к╟<br>┘░къ?к▒к╞кдк╞ ah-ah<br><br>кдк─ктквк╩к┐к╬к│к╚кЄ╧┤кск┴кукжкєк└<br>(щ╔къїєк╖к┐кпк╩кыу┴кт)<br>(°я?к╖к┴кукдк╜кжк╩у┴кт)<br>╧нкякьк┐кєк└Єикикщкьк╞кнк┐кєк└<br>(у¤км╘╤клк╡кькыкєк╟к╣)<br>(у¤км?к┐к╡кьк╞кдкпкєк╟к╣)<br>к═киктк├к╚?кьк╞кдк┐кдкш<br>к║к├к╚к╜к╨к╦кдк╞к█к╖кдкш<br>кдк─к▐к╟кт<br>╙▐√┐кнк╩квк╩к┐км<br>·┬кдк╞кдк▐к╣кшкжк╦<br><br>к│кєк╩к┐кпк╡кєк╬?Єек┴<br>кокхк├к╚¤■кс?кєк└▀╠кд<br>к┴кукєк╚?кикщкьк┐клк╩ ah, mm<br>к┴кчк├к╚к└к▒▄Їф╠к└к▒к╔<br>кнк├к╚?кдк╞кпкьк┐кшк═<br>юя▌╗▐чк╬с╚Є┴к╩хычик└клкщ<br>ктк╖ктквк╩к┐к╦їє?кик╞к╩клк├к┐кщк╩кєк╞<br>▐╓кжк└к▒к╟°╫кдк█к╔╙▐√┐кнк╩кєк└<br><br>сЇк▒Ўвк├к╞к╔кжкл▐чк╬▀╠кдкЄ<br>к╡кв<br>с┼к├к╞ышкдк╞к╜кєк╩?ьэкЄ<br>?кдк╞кдкпкєк└кдк─кткдк─к▐к╟кт<br>уЇкдф▐кдў╘кдк│к╚кт?▀гквкык▒к╔<br>к│к╬сж═гк╧кдк─к╟ктк╔к│к╟ктых?к╟ьюкьк╞кы<br>┘═к╬юёк╬к│к╚кт??к╬к│к╚кт<br>▄Їф╠к╦к╩к├к╞к╔кжк╖к┐кщкдкдк╬<br>▌┬клкєк╩кпк├к╞┌╗кжк│к╚ктквкык▒к╔<br>к╜кєк╩у┴кткнк├к╚квк╩к┐кмкдк╞кпкькьк╨<br>юёкЄ·╛к▒кыкєк└<br><br>к│кєк╩?Єек┴к╦к╩кык╬к╧<br>к│кєк╩▀╠кдкмк╟кнкык╬к╧<br>кнк├к╚ых?к└к▒к╩кєк└<br>(?кякък╩кєк╞ьщк─ктк╩кдкєк╟к╣)<br>к╔кжкл1000╥┤р╗кт<br>к╔кжкл┘░къЄнк▐к╩кдк╟<br>Ah кдк─кт▄т?к╦квкъкмк╚кж');
Insert into JPAT.MUSIC (POST_IDX,MUSIC_IDX,SINGER_IDX,MUSIC,LYRICS) values (61,17,12,'л▐лъл┤?лыл╔','∙жк╬?к╡кмк┴кчк├к╚<br>у¤кЄ?к╡к╓кък╣кок╞<br>?╪№┘═к╦╠╕к─кск┐ ╧╓км?к╖кд<br>к╟кєк░къ┌ўк╖к╬ьэ?<br>╩жфю▀╠к╩к╒къкЄк╖к╞<br>к└кщк▒к╞к▀к┐к▒к╔<br>¤ё╪╨к╬╬├к╧<br>┘═к╬юёк╟к║к├к╚¤╩кдк╞кдкы ·╣к╗к└<br>?кякщк╬┘╢энк╬╧╓км<br>?кьк┐л▐лъ?л┤?лыл╔к╦▐─к╞кы<br>квкьк╧ ═Ўкмк▐к└?кд∙╛к╬к│к╚<br>?клк╖кдк╚с┼кик┐квк╬ьэк╬?<br>б╕кткж╫юкьк╩кдк╟б╣к╚<br>ышкнк╜кжк╩┘═к╟╠╕к─кскы╧╓кЄ<br>ъгк╬кшкжк╩щ╨к╖к╡к╟к╜к├к╚кокхк├к╚<br>°┘кнк╖кск╞ °┘кнк╖кск╞ ╫юк╡к╩кд<br>▄т?к╬?Єек┴юя▌╗<br>ў╬кнїєк╗кык█к╔?кпк╧к╩кд<br>к╟кт▄Ї▐╓ьбк╩кпкщкдк╦<br>я╛╪╨к╧╠╕кик╩кд<br>┘═к╬?к╦к║к├к╚?кыл╖лылил├л╚<br>╙▐√┐кнк╡<br>ъїкщклк╩╤┐кЄ╨Ўк╗квкд<br>с┤к╖╒╥к┐кд═Ў?кЄ2ь╤<br>клк▀к╖кск╞?кп ╨╤ьэк╚кдкжьэк╦ ∙╝к╚<br>┘гюёкЄк─к▒кшкжклк╩кєк╞№ек╖к╞<br>квкв лвлдлщл╓лц?к╬хычик╕ку<br>Ёыкък╩кдклкщк╚лнл╣к╖к╞<br>ъгкмк▐к└2ь╤к╬чпкЄ?к╣клкщ<br>кдк─к▐к╟кт кдк─к▐к╟кт к│к╬к▐к▐<br>?клъ└кдэ▐с╢к╦кдк╞кт<br>?кмк├к╞кдк┐кдк╩кв<br>2ь╤к╬▀╠кдкм ╘╥к╕к╟квкък▐к╣кшкжк╦<br>?кякщк╬┘╢энк╬╧╓км<br>?кьк┐л▐лъ?л┤?лыл╔к╦▐─к╞кы<br>квкьк╧═Ўкмк▐к└?кд∙╛к╬к│к╚<br>?клк╖кдк╚с┼кик┐квк╬ьэк╬?<br>б╕кткж╫юкьк╩кдк╟б╣к╚<br>ышкнк╜кжк╩┘═к╟╠╕к─кскы╧╓кЄ<br>ъгк╬кшкжк╩щ╨к╖к╡к╟ к╜к├к╚кокхк├к╚<br>°┘кнк╖кск╞ ╫юк╡к╩кд<br>квкв лвлдлщл╓лц?к╬хычик╕ку<br>Ёыкък╩кдклкщк╚лнл╣к╖к╞<br>ъгкмк▐к└2ь╤к╬чпкЄ?к╣клкщ<br>кдк─к▐к╟кт кдк─к▐к╟кт к│к╬к▐к▐<br>╫юк╡к╩кд<br>квкв кдк─к▐к╟кт кдк─к▐к╟кт ╫юк╡к╩кд');
Insert into JPAT.MUSIC (POST_IDX,MUSIC_IDX,SINGER_IDX,MUSIC,LYRICS) values (62,18,13,'кдк─кл','ў°╘│кЄ╘Їк├к┐р╗к╬ф▐кмкъ р°км╤╗╒Єк╦╠╕кикык├к╞к╡<br>Євк┘к┐к╦??кєк╕кукжквк┐къ квкб╧╓кщк╖кдк╩к├к╞▐╓к├к┐къ<br>у┴╩ркЄ╪╬кьк╞┘╙ёщк╦к╩к├к┐ юхус?к╧я├╪■к╖к╞кдкы<br>╤┐∙╬кпк╩къу╖кск┐╠∙я╜к╦ ▄╥кщк╧Ї°кск╞твкЄ?кдк└ 2ь╤к╬┌кх▐<br>2ь╤к╟к╥к╚к─к╬▀бкЄємк╖к┐къ л╓лщлєл│к╦?кър°кЄЁ╥кск┐къ<br>фук╖л▄л┐лєу╥к╬ус?╤жкЄ кдк─кт╧╓кмё╦к├к╞фук╣кпк└къ<br>фц·╛к▒к╦к╩к├к╞╠╕к┐√╔ ё╡к╦▌йкдк╞кык▀к┐кдк├к╞к╡<br>к╧к╖кукдк╟кы╧╓к╚к╜к╬?к╟к╡ ктк├к╚к╧к╖кук░▄╥к╩кщ<br>▄т?к╦▐лк┘кыкшкжк╩ ?кмк╖к╞кдк┐<br>л╒лял╒ляк╚┘╙у¤Єв ╧╓к╬╫Ў<br>╧╓к╬╠╕кы╠╪▀фкЄюя▌╗<br>▄╥к╬ктк╬к╦к╖к╞к▀к┐клк├к┐кєк└<br>квкб ╧╓кЄ╪╬кькщкькєк╩кб<br>лщлщлщлщлщлщлщ лщлщлщлщлщлщлщ<br>лщлщлщлщлщлщлщ лщлщлщлщлщлщлщ<br>лщлщлщлщлщлщлщлщ<br>?к┐къюёк╦ў╫к├к╞к┐квк╬╘│ ус?╤жк╧┘экпк╩кык▀к┐кдк╟к╣<br>▐╓кдїєк╖к╞я╖к╩кпк╩кы?Єек┴кт кдк─клк╧┘экпк╩кык▀к┐кдк╟к╣<br>к╜кжкдкик╨∙╬кдрф╦╜кыьэк╬ яг√·▀гк╬┘эь╤═ыъок╟к╡<br>Єшкикы? ф▐кдёщкдк─ктк╬кшкжк╦с┼кдквкж ╩╢?к╬∙╗к╟<br>▄╥к╬┘═к╦ч▒кък│кєк└╧╓км<br>кдк─кткшкък┴кчк├к╚ю╓к╖к╜кжк╩ ?кмк╖к┐<br>╨╤к╦к╩к├к╞к╡ (╨╤к╦к╩к├к╞к╡) ▐╓кдїєк╖к╞к╡ (▐╓кдїєк╖к╞к╡)<br>¤н№тк╕ку∙╝кт·░╠╜к╖к╩кдк╡<br>╪╬кькщкьк╩кдк╬к╧ сЇк▒ь¤кькщкьк╩кдк╬к╧<br>╧╓кЄ▐╓кдїєк╦к╟кнкыяя▄╥к╧?кпк╧к╩кдклкщ<br>▄╥к╬╠╕к┐╠╪▀фкЄюя▌╗<br>╧╓к╦кт╠╕к╗к╞кфкък┐клк├к┐кєк└<br>квк├к┐клкдл│л│лвкЄьщ╧в<br>кдк─клк▐к┐▄ёкжьэк▐к╟к╚<br>с┼кжф╘к╦?к╧╠╕?к┐кщк╩кд<br>к╕куквк═ к╕куквк═<br>к▐к┐к╔к├клъ└кпк╟ кдк─кл<br>лщлщлщлщлщлщлщ лщлщлщлщлщлщлщ<br>лщлщлщлщлщлщлщ лщлщлщлщлщлщлщ<br>лщлщлщлщлщлщлщ лщлщлщлщлщлщлщ<br>лщлщлщлщлщлщлщ лщлщлщлщлщлщлщ<br>лщлщлщлщлщлщлщ');
Insert into JPAT.MUSIC (POST_IDX,MUSIC_IDX,SINGER_IDX,MUSIC,LYRICS) values (63,19,11,'квк╬┘╙кЄк╩к╛к├к╞','хик╬═ЎкЄу▐кы╤╗╒Єк╩№г<br>╩╢к╬?кЄкокхк├к╚╬├км°╨к▀?кр<br>ыхк╬┘экдьгь╤к└к▒к╬сж═гк╟┌дк│кик┐хычик╧<br>б╕√┐кнк└кшб╣<br>┘╙к╬ёщк╟╠╕кик┐┌▒?к╬к│к╚<br>∙╛к╬хибв╧╓к╚бв?к╓чпкмьгк─<br>ї╠¤нк╬№г√¤км═Ўк╦у░к├к╞с╝кик┐кщ<br>к╜кькЄ∙ъ?к╦<br>кдк─ктў╫кък╬Ё╚к╦ кдк─ктў╫кък╬╧╓к╬эм<br>▐╓кяк║┘═кЄьякщк╖к╞к╖к▐к├к┐к╬к╧<br>к╔кжкфк├к┐к├к╞╪╬кькщкьк╩кд╧╓к╬хычи<br>╨╤ктк║к├к╚·┬кдк╞кыклкщ<br>хикЄ?к▒к╞┘╙к╬р╗к╪<br>?къє╖кнк┐кд┌▒?к╪<br>▄т?к╦г┐квк╬┘╙к╦бв▄т?к╦г┐к├к╞╨╤кт<br>▄Їф╠к╦к╩к├к╞к╖к▐кжк▒к╔кнк├к╚<br>╨╤кЄ?к▒к╞┘еьэк╬р╗к╪<br>ьгь╤к└к▒к╬э▐с╢к╪<br>кткжк┴кчк├к╚ к╔кжкл?кякщк╩кдк╟<br>кткжк┴кчк├к╚ ╧╓клкщк╬хычи<br>квк╬┌▒?к╟╙тк├к╞кдкыкш<br>т┴ктЄ▒кщк╩кд ьгь╤к└к▒к╬хи<br>╙тк┴їекмкьк╞кдк┐╠╪▀фк╚ёьк╩кы<br>∙╛к╬═Ўк╦┌▒?к╚╨╤?кмкы?к╦╦╥кп№г√¤<br>╧╓к╚к│к│к╟к█кщквк╬┘╙кЄк╩к╛кы<br>╠╕▀╛к▓к┐═ЎкЄу▐кы╬├км╨╤Ё╬кщк╖к┐?ф╘<br>к╜кжк║к├к╚к│к╬╠╪▀фк╬к┐кск╦<br>к╜кжкнк├к╚к█кщьгк─к╬┌▒?км<br>╨╤ёьк╩къ∙ъкж<br>хик╬ёщк╟╧╓к╚ьгь╤<br>?къє╖кдк┐┌▒?к╟<br>╙▐э█▄¤▀╠кдк╧кнк├к╚╙▐э█▄¤?кякы<br>квк╬ьэ╠╕к┐┘╙к╬р╗к╪<br>╨╤кЄ?к▒к╞┘еьэк╬р╗к╟<br>к▐к┐їє?кик┐╧╓к╪<br>кткжк┴кчк├к╚ к╔кжклЁ√кякщк╩кдк╟<br>кткжк┴кчк├к╚ к█кщї╠¤нк╬№г√¤км╨╤<br>ьгь╤кЄ°╨кр<br>ыхк╬┘экдсж═гк╦·┬кдк┐<br>б╕√┐кнк└кшб╣');
Insert into JPAT.MUSIC (POST_IDX,MUSIC_IDX,SINGER_IDX,MUSIC,LYRICS) values (65,20,14,'їЁ╥·▄ъ','═╘╩н╬щкЄ?к▒к┐кщъгк╬╨└╩рк╦?км?кдк┐<br>ї╠╨╬к╔кжкт▀Їкдклкщ к┐к└∙жкмЎгкпк╬кЄ╙тк├к╞к┐<br>┘╩ыфк╦ёикы<br>∙╝кл?к╦▄їкп<br>╠╕▀╛к▓кьк╨╘щ▀╛к╦?кдк╞▀дкы<br>к╧кщкъ ▄╥кщкткжу╙кт╪╬кьк╞<br>тыкнк╡кихт╠д<br>к╡кб ╨╤ьэк╡ки┘еьэ╬ж╦█к╦?кякы<br>к┐к└∙жкЄ╙тк─<br>к└клкщ▄╥кщкткж?кт╪╬кьк╞<br>к╡кшк╩кщк╡кихт╠д<br>к┐к└№гкм╦╜кык└к▒Їчкькъ<br>╨╤ їЁЎгрф<br>єнк╬ьэкт╙тк┴∙ъкяк╗<br>№г╠╕к╬╦╘ктс┤к╩кпк╩к├к┐<br>їЁк╬?кдк╧кткжЄнкр<br>╨╤╥┤кт∙╛км?кык╬кл<br>═╘╩н╬щкЄ?к▒к┐кщ╘│к╬р╗к╦╧╓км?кдк┐<br>?кък╧к╔кьк└к▒клк╩<br>к╔кьк└к▒їЁк╦?кикык└кэкж<br>Ї╣ц═кдк╬╬° ┘╩ыфк╦ёикы<br>к▐к┐э╞ьэк╚?кякщк║╨╤ьэкт?кп№гк╦<br>▄╥кщкткжу╙кт╪╬кьк╞<br>тыкнк╡кихт╠д<br>№г▀дкщк╗╨╤Ўгкпк│к╬╒╣к╧<br>к▐к╡к╦їЁ╥·▄ъ<br>∙жк╦╨╤ьэкткткжу┴км╫╡кьк╞<br>╪бк─к│к╚к╡кихт╠д<br>№гк╬╨└╩рк╦═Ў ▀дкькъ<br>к▐к└ їЁЎгрф<br>╨╤ьэкт?кдк╦·╝кп<br>┘╩ыфк╦ёикы<br>╫╢у╙кЄў╬кп<br>№гкткткжЁ√кякы<br>┘еьэкт?кдк╦·╝кп<br>їЁкмкткжЁ√кякы<br>┘г?кыкшкжк╦у┴╩ркм▀дк├к╞кдкп<br>фёкЄ╩░кик╨хычиЁыкщк║<br>╙╬кръдк╡кихт╠д<br>№г╦╥кдк┐╨╤кЄхычих¤кнкмх▐кькыктк╬кл<br>к╧кщкъ ▄╥кщкткж?кт╪╬кьк╞<br>тыкнк╡кихт╠д<br>№г╠╕к╧▄╥кщк└к▒<br>▀дкык╩к▐к└ їЁЎгрф<br>квк╚кткжс┤к╖к└к▒<br>кткж?кикщкькык└к▒<br>квк╚№гьгк─к└к▒<br>кткж№гьщк─к└к▒<br>к┐к└чикм?кык└к▒ к╧кщкъ<br>╨╤ їЁ▐┬┘ёкд');
Insert into JPAT.MUSIC (POST_IDX,MUSIC_IDX,SINGER_IDX,MUSIC,LYRICS) values (77,21,2,'клкпкькєк▄','"кдк├к╗?к╬?" к╟┘░къ·┬кдк┐л╣л┐?л╚к╬∙ъ?<br>к╩к╛к├к┐р╩к╟╠┐кєк└сж═г<br>▀ф▄їк▒к╞кдкп к│к│клкщ<br>┌ку¤кмк─кп╠ё к╣к╟к╦єо?к╦квк├к┐<br>▄╥к╕кук╩кдт┴клк╬╤└хук╧<br>ркх╒к╚к╚ктк╦с╠кы<br>═пк▄к▒к┐?▄ткЄЎвкъїєк╖к╞<br>╒к▀Ўкнк╬ёщк╦1к─к╬╙═кикЄ╠╕к─к▒к┐<br>э╗▌┬к╬?Ў╖к╦ ┘═кЄыўк├к╞<br>к╔к│к▐к╟к└к├к╞ ?к┴к╞кдк▒кык╬<br>к╔к│клъ└кпк╦ с╝кик╞к╖к▐кдк┐кд<br>к│кєк╩сж═гк╕ку ▄╥к╧кдкщк╩кд<br>лллжлєл╚л└лжлєк╧у╖к▐к├к╞кдкыкш<br>"кдк├к╗?к╬?" к╟?кЄ▀╛к▓к╞<br>?к│кик╞кпкыкєк└<br>э╗▌┬к╬чпк╬э■к╡к╦?▄їкп<br>кткжк│кєк╩у┴╩рк└<br>ьщ╘їр°кмф╘кЄїєк╖к┐<br>?кнк╜кжк╟твкЄу▀к╨к╖к┐<br>єнк╧▄╥к╦є╖кдк╞кнк╩кш<br>к╔кєк╩ф▐фск╟кт<br>(кткжкдкдклкд? к▐?к└к└кш)<br>╪нк╧▀╛кмкък└к╖к┐<br>(кткжкдкдклкд? к▐?к└к└кш)<br>▀ф▄їк▒к╞кдкп к│к│клкщ<br>10╥┤¤нк╬▄╥кщк╧к╣кьъ▐кдк╨клкък╟<br>№│▀╠к╦▀╠кдкЄЎ╠к╗к╞к╧<br>"?кьк╩кд" к╜кж▐╓кдк│кєк└<br>кпк┐к╙кьк┐у¤к╦ї┌кдў╨к┴кЄ<br>квк╬╠ёк╚?кякщк╩кдркх╒кт<br>к╩кєк╚кт▐╓кяк╩кд<br>э╗▌┬кЄуск╕ ?кдк╞кдк▒кьк╨<br>к╔к│к▐к╟к└к├к╞ у░кькык╬к╦к╩<br>ллл├л╚кЄ╬ек░ к╜к╬═Ў█▄к╦<br>╙▐я╖к╩лтл╬ ╠╕╒кк╚к╖к╞кдкы<br>╠╕к─к▒кщкьк╩кдк╚ышкнкякскп╧╓к╪<br>"кдк├к╗?к╬?" к╟?кЄ▀╛к▓к╞<br>?к│кик╞кпкыкєк└<br>э╗▌┬к╬чпк╬э■к╡к╦?▄їкп<br>кткжк│кєк╩у┴╩рк└<br>ьщ╘ї▀█к╟?к▒?к▒кы╧╓<br>кпк├к─кдк╞кдк┐к└к▒к╬▄╥к╟кт<br>╧╓к╬юёкЄ?к▒кыклк╩?<br>к│кєк╩?кък╩кд▄╥к╟кт<br>?▀╒к╧л█л│лъкЄклк╓к├к┐к▐к▐<br>┘экпк╖к┐╦їк╧к║к├к╚<br>╧╓к╬л▌л▒л├л╚к╬ёщк╦квк├к┐<br>▀дкщк╨к├к╞кдк┐юяк╞км<br>╨╤к╥к╚к─к╦ёьк╩кы<br>твкЄЎвкъ у╖кскшкж<br>▄╥к┐к┴к╬┌кх▐<br>ьщ╙°к╧кдкщк╩кдк╚▐╓к├к┐<br>╨╤к╩кщ¤╪кЄэхкькы?кмк╖к┐кєк└<br>фёккк╖кпк╞ ╬╨к▒?к╧кдк─кт<br>"кдк├к╗?к╬?" к╟?кЄ▀╛к▓к╞<br>"кдк├к╗?к╬?" к╟?кЄ▀╛к▓к╞<br>?к│кик╞кпкыкєк└<br>э╗▌┬к╬чпк╬э■к╡к╦?▄їкп<br>кткжк│кєк╩у┴╩рк└<br>ьщ╘їр°кмф╘кЄїєк╖к┐<br>?кнк╜кжк╟твкЄу▀к╨к╖к┐<br>єнк╧▄╥к╦є╖кдк╞кнк╩кш<br>к╔кєк╩ф▐фск╟кт<br>(кткжкдкдклкд? к▐?к└к└кш)<br>ышкнк╕кукпк├к┐?к╟<br>(кткжкдкдклкд? к▐?к└к└кш)<br>с┼кж╧╓км╠╕кик┐<br>(кткжкдкдклкд? к▐?к└к└кш)<br>╪нк╧▀╛кмкък└к╖к┐<br>(кткжкдкдклкд? кткжкдкдкш)<br>▀ф▄їк▒к╞кдкп к│к│клкщ');
Insert into JPAT.MUSIC (POST_IDX,MUSIC_IDX,SINGER_IDX,MUSIC,LYRICS) values (78,22,15,'к▐к┴кмкдк╡кмк╖','к▐к┴кмкдк╡кмк╖к╬╩ръ▐кдк╬█░к╦<br>▀цк▐кьк╞кнк┐кшкжк╩?к╟кдк┐к▒к╔<br>к▐к┴кмкдк╡кмк╖к╬яс·░к╬█░к╕ку<br>кнк├к╚їє?кик╩клк├к┐к╚▐╓кж<br>к╒к╡кяк╖кп с┼кдквкикык│к╚<br>∙╝═║к└кэкжкл ?кмк╟кык│к╚<br>╧╓к╬┘═км╬╗кдк┐ ▄╥к╬¤╪кЄ?к├Є┴к░<br>к╜к╬ьэклкщ∙╝ктклкт ?кякъ═¤к╞к┐?кмк╖к┐<br>∙жк╦▐лк╨к╡кьк╜кжк╩ фвкдїЁк╬щък╟<br>ў▄╧▌к╩кпкщкдк╦∙╝?к╩кп█ик╦кдк╞<br>╩ръ▐кдк└кщк▒к╬ ▐┴смк╩╨└╩рк╟<br>кпк└кщк╩кд№екЄ кпк┐к╨кык▐к╟<br>яск╖кпквкък┐кд квкьк╩кд ю╓к╖к╡км<br>∙╝кЄы└кєк└к╟к╖кчкж<br>ьщк─к║к─ (ьщк─к║к─) ўок╖?к╞к╞кдк│кж<br>╤├кнкмк▒к╬ эн═ък▀к┐кдк╦<br>╧╓к╬твкм?кьк╞кдк┐ ЄжкЄёьк═∙ъкяк╗<br>╩ръ▐кдкляс·░клк└к╩кєк╞к╔кжк╟кткшклк├к┐<br>тыкп╩рк╦╒кк├к│к┴к┐ ╙┐кдфўк╬ёщк╟<br>╧╓к╕кук╩кнкукдк▒к╩кдк╚ к┐к└?кп▐╓кжк└к▒<br>╧╓к╬┘═км╬╗кдк┐ ▄╥к╬¤╪кЄ?к├Є┴к░<br>к╜к╬ьэклкщ∙╝ктклкт ?кякъ═¤к╞к┐?кмк╖к┐<br>∙жк╦▐лк╨к╡кьк╜кжк╩ фвкдїЁк╬щък╟<br>т┴к╦кт╠╕к╗к╩кд ф╘кЄ╠╕к╗к╞<br>╧╓к╬твкм?кьк╞кдк┐ ЄжкЄёьк═∙ъкяк╗<br>╩ръ▐кдкляс·░клк└к╩кєк╞к╔кжк╟кткшклк├к┐<br>тыкп╩рк╦╒кк├к│к┴к┐ ╙┐кдфўк╬ёщк╟<br>╧╓к╕кук╩кнкукдк▒к╩кдк╚ к┐к└?кп▐╓кжк└к▒');
Insert into JPAT.MUSIC (POST_IDX,MUSIC_IDX,SINGER_IDX,MUSIC,LYRICS) values (79,23,16,'?кякщк╩кдктк╬','?къ╘│к╒к╢к▒к╞?кдк┐<br>?кт┘экп╧╓кЄ╥┴кщк╗к┐<br>▀фкєк╩╧╓к╬ф╘кЄ╠╕к┐клк├к┐кєк└<br>╙▐кнк╩╘┌км ышкнк╜кжк╩?км<br>╨╤кт▄╥к╬¤╪кЄЇєкс▄їк▒кы<br>к╣кьъ▐кжь╤к╬ёщк╟ ╧╓кЄї┌кдклк▒к┐<br>?кякщк╩кдктк╬ ўок╖к╞кдк┐<br>квк╬ьэк╬╧╓кЄ╪╬кьк╧к╖к╩кд<br>у┴кЄъ╞кик╞кп▐╓кдкмквкы<br>▄╥к╧╨╤к╣к░╧╓к╦?кдк┐кд<br>╩╢?к╦к╓кщ∙╗к▓к┐▀╠кд<br>кдк─кт╧╓к╦╘дк╗к╩клк├к┐<br>хик╧▄╥╙╣кЄъ└к╢к▒к╞кдк├к┐к═<br>╠╕кик╩кду¤к╟ ?к─кдк┐?км<br>╨╤кт▄╥к╬¤╪к╦·┬кдк╞кдкы<br>к╡к▐кшкжу┴к╬ёщк╟ ╧╓к╚?кЄк╖к┐<br>?кякщк╩кдктк╬ ўок╖к╞кдк┐<br>квк╬ьэ╠╕к─к▒к┐Є▒кщк╩кдэ▐с╢к╪<br>╧╓к╚ьгь╤к╟·╝к▒кык╬к╩кщ<br>▄╥к╧∙╝╙°кт▀цк▐кь?кякькы<br>√бк╩кдктк╬ °┘кнк╖кск╞к┐<br>?кькыыхкт┌дк│кик╩кдк▐к▐<br>╧╓к╚?кдк┐╘╥к╕╘│к╦<br>╨╤кт?кък╧Ё╬кщк╖?к▒кы<br>?кякщк╩кдктк╬ ўок╖к╞кдк┐<br>квк╬ьэк╬╧╓кЄ╪╬кьк╧к╖к╩кд<br>у┴кЄї▒кик╞кп▐╓кдкмквкы<br>▄╥к╧╨╤к╣к░╧╓к╦?кдк┐кд<br>▄╥к╧╨╤к╣к░╧╓к╦?кдк┐кд');
Insert into JPAT.MUSIC (POST_IDX,MUSIC_IDX,SINGER_IDX,MUSIC,LYRICS) values (80,24,11,'кткжс┤к╖к└к▒','кткжс┤к╖к└к▒ кткжс┤к╖к└к▒ ╙╬к▀їєк╗к┐к╬к╩кщ<br>к╜кжс│к╡к╩щ╨к╖к╡кЄ  ▌┬к▒∙ъкик┐к╬к╩кщ<br>квкък╒кьк┐ьщьэкм  с╚ю╪к╩ьэк╦к╩к├к╞кдкпк█кщ<br>к╜кжкфк├к╞∙╝╙°к╟кт  ¤ьк╙к╧кск░кы<br>№╦к┐к└к╖кп╬жкокыЁ╚к╦<br>кдк─ктў╫къ╬жкокыЁ╚к╦<br>?к▐кьк┐кк▐┼кдк╚х°я╥кЄЁ╬кщк╣<br>╧╓км?кик╞кпкьк┐ <br>квк╞к╦к╖к╞к╩кдя┐кдк╬хычи<br>б╕кдк─ктк╖к╩кдк│к╚б╣кЄк└к├к╞<br>к╜кєк╩к│к╚кЄ╘щк╬щък╦Ў╟кдк┐к▐к▐<br>кдк─ктк╬╨╤ьэк╪<br>кткжс┤к╖к└к▒ кткжс┤к╖к└к▒ ╙╬к▀їєк╗к┐к╬к╩кщ<br>кткжс┤к╖к└к▒ квк╚с┤к╖к└к▒ щ╨к╖кпк╩кьк┐к╬к╩кщ<br>квкък╒кьк┐ьщьэкт с╚ю╪к╩ьэк╦к╩к├к╞кдкпкшкжк╩<br>к╜кєк╩?кмк╖к┐кєк└ ╨╤¤ьк╙к╧кск░кы<br>ф▐кдл╦лх?л╣км╫╡кькыЁ╚к╦<br>?Єек┴кмЎ╪кєк╟кдкпЁ╚к╦<br>э╗▌┬к╧б╕кдкщк╩кдб╣Ёэюдг┐к╩кєк╞═┼кикыЁ╚к╦<br>квк╩к┐к╬к│к╚кЄ▐╓кдїєк╖к┐кєк└<br>квк╩к┐к╦?кдк┐кпк╩к├к┐кєк└<br>╬∙к╖к╓кък╦?кдк╦·╝кпкш ╨╤к╣к░к╦<br>╙тк┴к╦╙тк├к┐к╜кєк╩Ё╚к╦<br>▀╠кдкЄЎ╠к╗кыьэк╬Ё╚к╦<br>кдк─кткшкъктЁ─кп╩лкЄїєкы<br>к╒кдк╦?кьк┐т┴клк╬щ╨к╖к╡км<br>▐чк╬щ╨к╖к╡к╦?кяк├к┐кєк└<br>к█кщ¤ьк╙к╧кск░кы<br>кткжс┤к╖к└к▒ кткжс┤к╖к└к▒ ╙╬к▀їєк╗к┐к│к╚км<br>кткжс┤к╖к└к▒ к█кєк╬с┤к╖к└к▒ щ╨к╖кпк╩кьк┐к│к╚км<br>квкък╒кьк┐ьщьэкт ўх▄мк╩ьщьэк╦к█кщ<br>?кик╞кпкьк┐кєк└кнк├к╚ ╨╤ьэкт<br>квк╩к┐клкщ▐чк╪к╚ ▀╠кдкм?кякы<br>к╜кж▄╥клкщ╧╓к╦к█кщ ¤ьк╙км?кмкы<br>квкък╒кьк┐?ьэклкщ ╙╬к▀їєк╖к┐щ╨к╖к╡км╨╤<br>т┴клк╦?кдк╞кнк├к╚ кск░къ?к▒кыкшк║к├к╚<br>квкббвк╔к│к▐к╟кт<br>╨╤ьэктк╔к│клк╟квк╩к┐км<br>╨╤кЄ▀цкнкыквк╩к┐кмк┐к└<br>с│к╡к╩·╣к╗кЄ ╠╕к─к▒кщкьк▐к╣кшкжк╦');
Insert into JPAT.MUSIC (POST_IDX,MUSIC_IDX,SINGER_IDX,MUSIC,LYRICS) values (81,25,17,'ллл┐лклтлд','╓╟кик╨ ╧╓к╬ ф╘к╦рокшкъ<br>л╖лякм ?кик╞кт к╜кьк╟кт╒▐кдкєк└<br>▄╥км лол┐?кЄ ▐╓кжкшкжк╦ ?к▒к╩кпк╩к├к╞кт<br>у¤к╬╩░к╧╧╓к╟ьюкьк╞кдкыкш<br>═╘кд?кт їєк╗к║к╦ ▐╓кдў╫къ╩░кик╩кд<br>к╜кьк╟кт?кнк╩кмкщьщ?к╦╩░к├к╞кпкькыклк╩<br>∙▄кькєк╨клкък╬┌╨твкт ·┬кн╘дкы??кткдкщк╩кд<br>╧╓к└к▒ кяклк├к╞кш кяклк├к╞кш<br>Darlin'' ┘╙км?к├к┐к╬<br>кк▐─∙ъкдк╬хычикм╠╕к─клкщк╩кдкш<br>Darlin'' ┘╙км?к├к┐к╬<br>б╕фёк╖к╞кыб╣<br>к┐к├к┐ьщ╙°к╬ к┐к├к┐ьщь╤к╬<br>▀цк▐кьк╞кнк┐·╣к╗┌лкяк├к╞кыкєк└кш<br>╨╤ьэкмлслдлєл╟лгл├л╖лхк╟ Ё√кякък╬ьэк╦к╧<br>╩Ў▀лк├к╤кдл╟л╢?л╚кЄу▌к┘кык╬<br>▀гкт═█ктюя▌╗л╒лыл│?л╣к╟<br>?кмкнкпкшкжк╩хычик╧кдкщк╩кд<br>с╚Їчкщк╖кдўх▄мкткдкщк╩кд<br>к┐к└к║к├к╚ к║к├к╚к╜к╨к╦ Ў╟кдк╞кккдк╞кш<br>▄╥к╬▀╠кдк╧?кЄк╚кык╚ ?кик╞кпк╨к├клк└<br>√┐кнк└кш<br>кяклк├к╞кш кяклк├к╞кш<br>к═ки darlin'' ┘╙км?к├к┐к╬<br>кк▐─∙ъкдк╬хычикм╠╕к─клкщк╩кдкш<br>Darlin'' ┘╙км?к├к┐к╬<br>фёкмьюкьк╞кдкп<br>╧╓км▄╥кЄ╪╬кьк╞к╖к▐к├к╞кт<br>к┴кчк├к╚к─кщкдк▒к╔ к╜кьк╟кткдкдклкщ<br>▄╥кшкър╗к╦ к╔к│клъ└кпк╦<br>╒щ╪бк─к│к╚к╧я╛? ·╔к╡к╩кдклкщ<br>▀цк▐кь?кяк├к┐к╚к╖к╞кт<br>їє?кд█░кмї╠?к╟кт<br>к▐к┐▄╥к╧╧╓к╦?к╣кыкєк└кш<br>▄╥к╬у¤к╧ ╧╓к╦кдк─кт°╕▐╓кд<br>√┐кнк└кш<br>кяклк├к╞кш кяклк├к╞кш кяклк├к╞кш<br>Darlin'' ┘╙км?к├к┐к╬<br>кк▐─∙ъкдк╬хычикм╠╕к─клкщк╩кдкш<br>Darlin'' ┘╙км?к├к┐к╬<br>к═ки darlin''б╕фёк╖к╞кыб╣');
Insert into JPAT.MUSIC (POST_IDX,MUSIC_IDX,SINGER_IDX,MUSIC,LYRICS) values (82,26,18,'┘▐','рк?к▒кмц╫кик╞к│к╬╩╢к┤к╚<br>?к▀?кєк╟к╖к▐кдк╜кжк╩╨╤ьэк╦<br>▄╥к╧╧╓кЄтв█пк╖к╞к╖к▐к├к┐<br>┘еьэкм▄Їф╠к└ к╚к╞кт·юк└<br>к└клкщк│к╬▄╥ктьщ?к╦<br>?к▀?кєк╟к╖к▐кикшрк?к▒<br>к└к▒к╔ктк╜кжк╧кдклк╩кдкшк╩<br>┘еьэк├к╞лжл╢кдк█к╔?кыкшк╩<br>╪∙к┐кдхик╦к╩кєк└клс┼к├к┴кукж<br>╩лк▐к╟?кэкж 1ь╤к╟?кэкж<br>э╞ьэк╬к│к╚к╩к╔ №│к└к╚▐╓кккж<br>╧╓к╬ф╘к╩кєк╞╪╬кьк╞кфкык╡<br>╪й╓у╪й╓ук╖кдк└кэбвк╜кжк└кэ<br>╧╓кмкдк╩кпк╩к├к┐ьэ?кт<br>к│к╬к╔кжк╖кшкжктк╩кд?к└кык╡кт<br>у¤к╚?км¤╜?к╖к╞<br>?кък╩кд▄╥к╧??кєк╟<br>┘▐к╦к╩к├к┐кєк└кшк╩ ╧╓к╧<br>кдк─клл╒лщл├к╚·▐кьк╞кпкь<br>∙╝?к╩кд?ьэкЄ╧╓▀фк╦ц°кск╞кккпкькш<br>рк?к▒кмц╫кик╞к│к╬╩╢к┤к╚<br>?к▀?кєк╟к╖к▐кдк╜кжк╩╨╤ьэк╦<br>▄╥к╧╧╓кЄтв█пк╖к╞к╖к▐к├к┐<br>х┤к╣кокы▄╥кщк╧к▐к┐1клкщ<br>їє?кжк│к╚к╧╩ж╥Ўк╩к╬клк╩<br>ъ├кжк└к▒┘э?к╩кщкткжл└лск└<br>╩лк▐к╟к─кпк╬кмк│кєк╩к╦кт·юк└<br>?кпл╣л╘?л╔к╧<br>╧╓км╫Ўк╦кдкыу┴к╬к▐кєк▐<br>▀╠кдїєт▐кщк╗<br>кмкєк╕кмкщкск╬к┐ксу╙к╨к├кл<br>╪й╓ук╦к╖кэкшбвс┼кикш<br>╧╓кмкдк╩кпк╩к├к┐ьэ?к╧<br>╪№█▄кдкпкщкдк╦к─к▐кщк╩кд<br>юя╒Їк╟╪╬кькшкжк╚к╣кык▒к╔<br>юяуєк╟╧╓кЄ╧┤кск╞кы<br>┘▐к╦к╩к├к┐кєк└кшк╩╧╓к╧<br>кдк─клк▐к┐квк╬?кЄ┌дклк╗к╞кш<br>┘├тък╨к├клк╟┘э╥■═╚╥■к╩▄╥кЄ<br>ъ╨кск╞к█к╖кд<br>╧╓кмкдк╩кпк╩к├к┐ьэ?кт<br>к│к╬к╔кжк╖кшкжктк╩кд?к└кык╡кт<br>у¤к╚?км¤╜?к╖к╞<br>?кък╩кд▄╥к╧??кєк╟<br>┘▐к╦к╩к├к┐кєк└кшк╩╧╓к╧<br>кдк─клл╒лщл├к╚·▐кьк╞кпкь<br>∙╝?к╩кд?ьэкЄ╧╓▀фк╦ц°кск╞кккпкькш<br>╧╓кмктк╖▐╫к╞┘▐к└к├к┐кщ<br>к│к╬ш╙к╬ёщк╟°┘кнк╖кскыкш<br>л▒лмк╖к╞кык╩кщк╜к╬▀┐у╘кжк╖<br>яёьщ█╩к╬?кткъкЄквк▓кы<br>?кдк┐кдкєк└╪╬кькщкьк╩кд<br>┘▐к╦к╩к├к╞к╟кт·▐кьк╞к█к╖кд<br>кдк─кл╧╓кмл╒лщл├к╚·▐кьк╞<br>▄╥к╧к▐к┐бв·╣к╗к╟');
Insert into JPAT.MUSIC (POST_IDX,MUSIC_IDX,SINGER_IDX,MUSIC,LYRICS) values (83,27,19,'л╒лгл╩?ль','╧╓к╧к█кєк╚к╦кяклк├к╞к╩кдкш<br>╓╟кик╨л╧л├л╘?лилєл╔кшкъ<br>╩Ўкпк╞√▀№дк╩л╟л╢?л╚кшкъ<br>╧╓кмкдкдкєк└кш<br>к╒к┐к─к╬▀бкшкъ▀╙∙ъкд▀б<br>к┴кчк├к╚╒╥к┐кдк▒к╔<br>б╕фёк╣кык┐кск╬б╣<br>╙█▀┴к╩кщкдкпкщк╟ктк╔кжк╛<br>к┐к└к║к├к╚Ў░к╦кдк┐кд<br>к═ки л└?лълє<br>Oh р°р┌ктк╩кд<br>к╒к┐кък▄к├к┴к╬сж═гк╟к║к├к╚<br>ї╠¤нк╬№г√¤кЄквк▓к╞<br>л╒лгл╩?лькЄу▐к├к╞<br>╨Їюцк╬╦╜кы?к╦╒кк┴к╞<br>л└?лълє кткж╫юк╡к╩кдк╟<br>┌л?к╩кдсж═гкт?кпк╩кдк═<br>к╔кєк╩к╦?кЄк╖к┐к├к╞ їє▄ёкик╩кдкшкнк├к╚<br>Ё√кък╬к╩кд·╣к╗к╦лнл╣кЄк╖кш<br>кдк─кл╨╤ьэкЄ╪╬кьк╞кт╧╓кмкдкдкєк└кш<br>Ї╕?щык╬ьэ<br>кдкд∙ъкдк├к│к╖к╞ к╧к╕кск╞┘═кмквк├к┐<br>к║к├к╚?кик╚кпкш<br>Oh, woo yeah, oh, woo<br>Oh oh<br>к═ки л└?лълє<br>Oh р°р┌ктк╩кд<br>к╒к┐кък▄к├к┴к╬сж═гк╟к║к├к╚<br>ї╠¤нк╬№г√¤кЄквк▓к╞<br>л╒лгл╩?лькЄрек├к╞<br>╨Їюцк╬╦╜кы?к╦╒кк┴к╞<br>л└?лълє кткж╫юк╡к╩кдк╟<br>с╚к├?к╩кдсж═гкт?кпк╩кдк═<br>к╔кєк╩к╦?кЄк╖к┐к├к╞╪╬кькщкьк╩кдк╬<br>Ё√кък╬к╩кд·╣к╗к╦лнл╣кЄк╖кш<br>Wow, wow, ah yeah<br>Wow, wow, ah yeah<br>Wow, wow, ah yeah<br>Wow, wow<br>┌л?к╩кдк═<br>к╟ктк╜кькмк═ к╒к┐кък╬·╣к╗');
Insert into JPAT.MUSIC (POST_IDX,MUSIC_IDX,SINGER_IDX,MUSIC,LYRICS) values (84,28,6,'115╪▓лнлэк╬л╒лглылр','к│кьклкщ╩░кж═╪к╬?щ╗к╧▄╥к╬╘щк╬ёщк╬к│к╚<br>ёлц╤к╧ктк┴кэкє╧╓к╟ ▄╥к╧Ё╛ц╤к╟╩°╘╜к╟лллслщл▐лє<br>┘═к╬?к╦квкыл╒лглылрк╟э┬кыч▒?к╬№ек╡ ah<br>кпк└кщк╩кдк╩к╚с┼к├к┐кєк╩кщ?к▀к╧к╜кьк╟╪▓▐└OK!<br>?кьк╞кдк╩кдк╟к┴кчк├к╚╙тк├к╞<br>кнк├к╚?к╦ь¤к├к╞кткщкикык╚▐╓кжк╩<br>к│к│к▐к╟к╬л└лдл╕лзл╣л╚кЄс┤к╖к└к▒╠╕к╗кыкш<br>Ї°кск╞¤╜?к╖к┐хик╬?<br>╦┴ь╤ю▄к╦¤╪кмў╘крк▒кьк╔<br>к╜к╬к▐к▐╠╕?к▒кшкж<br>к┤кскєк═к╚хык├к╞ёъЄ┴кък╖к╞твкЄф─к├к╞<br>к█кщ к│к│к╟╧╓кмс┼кжл╖?лєкм╠╕к╔к│кэк╩кєк└клкщк╡ ah<br>??к╦ктч▒к╗кфк╖к╩кдк╚к╞кт▐┴смк╩к╜к╬▐┬їок╦<br>к╔кєк╩ф▐кдл╣л╚?лъ?кт▄▌к╣ты╩ркмьюкьк╞кы<br>к╔кьклк╥к╚к─кЄя╖къЎвк├к╞<br>л╡лрл═лдлык╦к╖кшкжк╚къквкик║╨╤к╬с╢к╧<br>кнк├к╚10╥┤¤нкпкщкдк╦к╧лнлул╣л╚км?кик┐къктк╣кыкєк└кэкж<br>╨╤к╟ктх∙ыок╩кєк╞к╩кдк╬к╦к│кєк╩ф╠ъ┼╨хк╕кукткжлнлул╤лк?л╨?!<br>кнк├к╚я╫к▒к╩кдк╚к│кэкт▀гк█к╔╠╕к╗кык└кэкж<br>┘рэокмк╥к╚к─к╦к╩к├к┐ьэкт<br>∙╝к╥к╚к─╙█кякъч▒кик╬к╩кдьэкт<br>фёк╖кдьэ?Ёюкдьэ?<br>╘▒к╡к╩кдкшкжк╦╪╬кьк╩кдкшкжк╦?кн▄їк▒к╞кдкпкш<br>╨╤ ┘═кЄсмкск╞Ў╗к╕кщкдквк├к╞ч╡ъ└кЄъ├к├к┐▄╥к┐к┴кЄ<br>к╣кьъ▐кдкфщ╪ъжк╩юў╦╥кмь┌кн╓ок│кжк╚к╖к┐к╜к╬у┴к╦к╧<br>▄╥кмкжкык╡кдкпкщкдк╬?╒ск╟к│к╬╩░∙╝╙°кт╩░кжкш<br>к└клкщк╔кжклк╜к╨к╦кдк╞<br>лилєл╔лэ?лык╩кєк╞кткєэ┬кък┐кпктк╩кдклкщ yeah<br>лплщлєлплвл├л╫кмкдк─к╩к╬кл▄╥кщк╦к╧╠╜кскщкьк╩кд<br>к└клкщ∙жк╦Ўгклкьк╞кдк│кж (∙жк╦Ўгклкьк╞кдк│кж)<br>л╒лглылрк╧щ─ыЄк╖к┐кш (л╒лглылрк╧щ─ыЄк╖к┐кш)<br>ьщ▀ц▌┬к╬э■к╡кЄ к╢к├к╚115╪▓лнлэ<br>к█кщ к│к│к╟╧╓кмс┼кжл╖?лєкм╠╕к╔к│кэк╩кєк└клкщк╡ ah<br>??к╦ктч▒к╗кфк╖к╩кдк╚к╞кт▐┴смк╩к╜к╬▐┬їок╦<br>к╔кєк╩ф▐кдл╣л╚?лъ?кт▄▌к╣ты╩ркмьюкьк╞кы<br>к╔кьклк╥к╚к─кЄя╖къЎвк├к╞ л╡лрл═лдлык╦к╖кшкж<br>к╡кв к│кьклкщ▀цк▐кькы┘гэ▐╪№кЄўок╖к╦кдк│кжкш<br>▀лкдкт╩Ўкдкт╨ЎкъЇ╒к├к╞<br>ьщ?к╦┌лкякккжл╒лглылркмк╩кпк╩кык▐к╟<br>ї╔чпкЄ?к▒кшкжк│к╬┘дквкы∙┌къ');
Insert into JPAT.MUSIC (POST_IDX,MUSIC_IDX,SINGER_IDX,MUSIC,LYRICS) values (87,29,1,'фёк╬▀█┌л╤в∙┌','к╔кжклї╠¤нк╦?кдк╦?к╞кпкьк╩кдкл<br>хычик└к▒к╕кукткж∙╝кт╪╪к▐кщк╩кдкєк└<br>ышкнф╘к╟ктс┼ф╘к╟кткдкд<br>╧╓к╦?кдк┐кд<br><br>к│кєк╩ьэкм?кык╚▐╓кяк╩клк├к┐кєк└<br>╧╓к╬█ик╦╦▄кщкьк╩кпк╞к┤кскєк═<br>к╗кск╞р°к╦ъ├кдкЄ<br><br>▌шк╖к▐к╩кдк╟╦▄к╞ббюёкЄ╠╕к╞<br>Є╔къ┌ўкщк╩кдк╟<br>▄╥к╬╦▄к╩кд╩╢к╟бб?к┐къюёк╦<br>?кЄк╖к╞с┼к├к╞<br>╙тк┴∙ъкяк╗к╧р°╩╢к╬?к╟<br>╧╓км╪╬кьк╞кдк╞кт<br><br>к╔кжктї╠¤нкщк╖кпЄ╔┘ёкик╩кдкєк└<br>?к╥к╚к─кпкщкд╫╡к╣к╚▐╓к├к┐кєк└<br>▀╛твкп?к╗к╞кдкык└кэкжклбб<br>л╨льк╞кдк╩кдклк╩<br><br>к▐кык╟к╥к╚к─к▀к┐кдк╦<br>▀╠к├к╞кдк┐кдкєк└<br>╫юкьк╞к╞кт╬жк┤к╖к┐квк╬у┴╩рк╧<br>?к╕кук╩кдк╚кяклк├к╞кы<br><br>▌шк╖к▐к╩кдк╟╦▄к╞ббюёкЄ╠╕к╞<br>Є╔къ┌ўкщк╩кдк╟<br>▄╥кмышкдк╞кдкыбб╫тыжк╩кєк╞<br>Є▒кщк╩кдк╟с┼к├к╞<br>╙тк┴∙ъкяк╗к╧р°╩╢к╬?к╟<br>кдк─кл?кикыьэк▐к╟<br><br>▐╓кдїєк╩кєк╞кфк├клкдк╩ктк╬кЄ<br>°┘кик╞к▐к╟к╔к│к╦·╝кнк┐кдк╬<br>?къє╖кпэ▐с╢к╧╘╥к╕к└к╚<br>уск╕к╞кдкыклкщ<br><br>▌шк╖к▐к╩кдк╟╦▄к╞ббюёкЄ╠╕к╞<br>Є╔къ┌ўкщк╩кдк╟<br>▄╥к╬╦▄к╩кд╩╢к╟бб?к┐къюёк╦<br>?кЄк╖к╞с┼к├к╞<br>╙тк┴∙ъкяк╗к╧р°╩╢к╬?к╟<br>╧╓км╪╬кьк╞кдк╞кт<br><br>▌шк╖к▐к╩кдк╟╦▄к╞ббюёкЄ╠╕к╞<br>Є╔къ┌ўкщк╩кдк╟<br>▄╥кмышкдк╞кдкыбб╫тыжк╩кєк╞<br>?▄їклк╩кпк╞кдкдкш<br>╙тк┴∙ъкяк╗к╧р°╩╢к╬?к╟<br>кдк─клс┼кикыкшкжк╦');
REM INSERTING into JPAT.POST
SET DEFINE OFF;
Insert into JPAT.POST (POST_IDX,POST_TYPE_IDX,TITLE,CONTENTS,USER_IDX,NICKNAME,PASSWORD,IMGURL,REGDATE,MODIFYDATE,VIEWCOUNT,LIKECOUNT,REPLYCOUNT) values (1,2,'√┐кнк╩╩░','╙▐√┐кнк╩╩░к╟к╣',2,'ё┤','285da275d9a82a3f64eeef8615785eff6373e2325a9a5fc9b983b16da577fb',null,to_date('24-10-30','RR-MM-DD'),null,20,4,0);
Insert into JPAT.POST (POST_IDX,POST_TYPE_IDX,TITLE,CONTENTS,USER_IDX,NICKNAME,PASSWORD,IMGURL,REGDATE,MODIFYDATE,VIEWCOUNT,LIKECOUNT,REPLYCOUNT) values (2,2,'tukiк╬╩░','кдкдк╚▐╓кж',4,'лщл▀лг','40232ac470357befd8a437c4a2fbed473f678d51e7eae5eed0e69da7ea21',null,to_date('24-10-30','RR-MM-DD'),null,12,2,0);
Insert into JPAT.POST (POST_IDX,POST_TYPE_IDX,TITLE,CONTENTS,USER_IDX,NICKNAME,PASSWORD,IMGURL,REGDATE,MODIFYDATE,VIEWCOUNT,LIKECOUNT,REPLYCOUNT) values (3,1,'╧╓к┐к┴км√┐кнк╩╩░к╧к╔к╬клг┐','кк?кскпк└к╡кд',null,'лэлэ','55574e5393af81786b4a44393a564ee676a7717d7c4f5a87eb62f6aced3135f0',null,to_date('24-10-30','RR-MM-DD'),null,31,11,1);
Insert into JPAT.POST (POST_IDX,POST_TYPE_IDX,TITLE,CONTENTS,USER_IDX,NICKNAME,PASSWORD,IMGURL,REGDATE,MODIFYDATE,VIEWCOUNT,LIKECOUNT,REPLYCOUNT) values (4,2,'к│к╬╩░кЄ┌дкдк┐к│к╚кмквкыг┐','╨╤ьэЇ°кск╞┌дкдк┐╩░к╬к╟кдкдк╚▐╓к├к╞Єек├к╞кнк┐',5,'л┌л│лщ','504583fd8b4f5585f8b36a47417fc17953aab39371eca26ca4ac6d77a8e6bd',null,to_date('24-10-30','RR-MM-DD'),null,19,7,0);
Insert into JPAT.POST (POST_IDX,POST_TYPE_IDX,TITLE,CONTENTS,USER_IDX,NICKNAME,PASSWORD,IMGURL,REGDATE,MODIFYDATE,VIEWCOUNT,LIKECOUNT,REPLYCOUNT) values (5,2,'▐чк╬ї╠ї╧к╖к═','к│к╬╩░кЄЇ°кск╞┌дкдк┐¤нvaundyкЄ√┐кнк╦к╩к├к┐',null,'vaundyкм√┐кн','d7fced76167287f9ab928ec66d76fee9fd2bb26465841cefb6336dc3d3bb40',null,to_date('24-10-30','RR-MM-DD'),null,26,18,1);
Insert into JPAT.POST (POST_IDX,POST_TYPE_IDX,TITLE,CONTENTS,USER_IDX,NICKNAME,PASSWORD,IMGURL,REGDATE,MODIFYDATE,VIEWCOUNT,LIKECOUNT,REPLYCOUNT) values (34,1,'лщлдл╓к╟┌дкнк┐кдгбї╠═╘к╬ьэ▄тк╬л╨лєл╔═╪','лщлдл╓к╟р№къ▀╛кмкыкшкжк╩л╨лєл╔к╬┘г═╪кЄЄ▒кък┐кдк╟к╣бгк▀к╩к╡кєк╬ккк╣к╣кскЄ?кик╞кпк└к╡кдгб',36,'кдкэк╧','8953febbf8b73bc2c0412a9533212d480a4888bb8a69bdf91b43f854a1ac48',null,to_date('24-10-31','RR-MM-DD'),null,0,0,0);
Insert into JPAT.POST (POST_IDX,POST_TYPE_IDX,TITLE,CONTENTS,USER_IDX,NICKNAME,PASSWORD,IMGURL,REGDATE,MODIFYDATE,VIEWCOUNT,LIKECOUNT,REPLYCOUNT) values (9,2,'ч▒?кЄ╠╕к┐у┴к╦ышкдк┐╩░','▌шк╖кдч▒?к└к├к┐',3,'л▐лълє','c4b569a7b1dd12ff8ce1c102b4f34845d1539b43ac241c99b149e899742db24',null,to_date('24-10-30','RR-MM-DD'),null,10,7,0);
Insert into JPAT.POST (POST_IDX,POST_TYPE_IDX,TITLE,CONTENTS,USER_IDX,NICKNAME,PASSWORD,IMGURL,REGDATE,MODIFYDATE,VIEWCOUNT,LIKECOUNT,REPLYCOUNT) values (10,2,'∙ккькыу┴к╦┌дкп╩░','∙╝ктк╟кнкык╚▐╓кдк╦к╩кы',null,'ккк▐кикщ','55574e5393af81786b4a44393a564ee676a7717d7c4f5a87eb62f6aced3135f0',null,to_date('24-10-30','RR-MM-DD'),null,17,0,0);
Insert into JPAT.POST (POST_IDX,POST_TYPE_IDX,TITLE,CONTENTS,USER_IDX,NICKNAME,PASSWORD,IMGURL,REGDATE,MODIFYDATE,VIEWCOUNT,LIKECOUNT,REPLYCOUNT) values (11,2,'╤╗╒Єк╩?к└к╚▐╓к├к╞кдкы╩░','╙▐√┐кнк└кш',10,'к╣кдк╗кд','ae1efe1521d755c694d6d1601e287dfb9414d7d8d05835d103b3bba1ceab585',null,to_date('24-10-30','RR-MM-DD'),null,10,0,0);
Insert into JPAT.POST (POST_IDX,POST_TYPE_IDX,TITLE,CONTENTS,USER_IDX,NICKNAME,PASSWORD,IMGURL,REGDATE,MODIFYDATE,VIEWCOUNT,LIKECOUNT,REPLYCOUNT) values (12,2,'∙ккьк┐у┴ъ╨кск╞кткщк├к┐╩░','к▀кєк╩ш╫эхкь',2,'ё┤','285da275d9a82a3f64eeef8615785eff6373e2325a9a5fc9b983b16da577fb',null,to_date('24-10-30','RR-MM-DD'),null,14,0,0);
Insert into JPAT.POST (POST_IDX,POST_TYPE_IDX,TITLE,CONTENTS,USER_IDX,NICKNAME,PASSWORD,IMGURL,REGDATE,MODIFYDATE,VIEWCOUNT,LIKECOUNT,REPLYCOUNT) values (14,1,'э╗уєкмкшклк├к┐к╚▐╓к├к┐╩░кЄкк?кскпк└к╡кд','к╔к╬кшкжк╩╩░твкткдкд',12,'к╧квк╚','c660e8582f17c6c332be21cc7a13693b79471bb89dbe288a21f74c40f1fdb33b',null,to_date('24-10-30','RR-MM-DD'),null,10,0,0);
Insert into JPAT.POST (POST_IDX,POST_TYPE_IDX,TITLE,CONTENTS,USER_IDX,NICKNAME,PASSWORD,IMGURL,REGDATE,MODIFYDATE,VIEWCOUNT,LIKECOUNT,REPLYCOUNT) values (15,1,'╨╤бв┌дкпк┘кньэ▄тк╬┘г═╪к╧г┐','ї╠╨╬у¤к╦·┬кпьэ▄тк╬╩░кЄўок╖к╞кдк▐к╣бг╦╦к╡кєк╬кк?к╦ь¤къкЄ?кик╞кпк└к╡кдгб',null,'л╡лплщ','55574e5393af81786b4a44393a564ee676a7717d7c4f5a87eb62f6aced3135f0',null,to_date('24-10-30','RR-MM-DD'),null,6,0,0);
Insert into JPAT.POST (POST_IDX,POST_TYPE_IDX,TITLE,CONTENTS,USER_IDX,NICKNAME,PASSWORD,IMGURL,REGDATE,MODIFYDATE,VIEWCOUNT,LIKECOUNT,REPLYCOUNT) values (16,2,'▐чкмьщ█у√┐кнк╩╩░','щ╨╫ьк╬shutterк└кш',16,'квкфкс','c88290ab4720e377a2e0fb3cf021aeb829b03c34f2ab1de1db3df1aab8cec952',null,to_date('24-10-30','RR-MM-DD'),null,11,0,0);
Insert into JPAT.POST (POST_IDX,POST_TYPE_IDX,TITLE,CONTENTS,USER_IDX,NICKNAME,PASSWORD,IMGURL,REGDATE,MODIFYDATE,VIEWCOUNT,LIKECOUNT,REPLYCOUNT) values (17,2,'▐чктщ╨╫ькм√┐кнк└кш','ўхк╦л╔лщлдл╒лщля?км√┐кнк╩кєк└кш',17,'к┴кчк│','566923af326777c97547bd27cf8ff20d2d85cc5506c33bc9c726ba5b1d208e',null,to_date('24-10-30','RR-MM-DD'),null,46,5,1);
Insert into JPAT.POST (POST_IDX,POST_TYPE_IDX,TITLE,CONTENTS,USER_IDX,NICKNAME,PASSWORD,IMGURL,REGDATE,MODIFYDATE,VIEWCOUNT,LIKECOUNT,REPLYCOUNT) values (18,1,'квк╩к┐к╬ьщ█у√┐кнк╩лвл╦л╜лєк╧г┐','лвл╦лсл╜лєл░к╟ўхк╦√┐кнк╩═╪кмквкьк╨к╝к╥?кик╞кпк└к╡кдгбк╔кєк╩лвл╦лск╬═╪к╟ктOKк╟к╣бг',6,'к╜кщ','7cb11a818c552f4c7e82c5efb28ad48481b6187a31d978dfd31edd62a8da98e',null,to_date('24-10-31','RR-MM-DD'),null,15,5,0);
Insert into JPAT.POST (POST_IDX,POST_TYPE_IDX,TITLE,CONTENTS,USER_IDX,NICKNAME,PASSWORD,IMGURL,REGDATE,MODIFYDATE,VIEWCOUNT,LIKECOUNT,REPLYCOUNT) values (19,1,'к│к╬ї╒к╦к╘к├к┐кък╬ьэ▄тк╬л╨лщ?л╔кЄ?кик╞гб','ї╒к╦∙ъкжк╖к├к╚кък╚к╖к┐л╨лщ?л╔кЄўок╖к╞кдк▐к╣бгк▀кєк╩к╬ккк╣к╣кскЄ?кик╞кпк└к╡кдбг',8,'AZKi','3aa9e5835d1209dd7a8b59cb3476e68a1423c9dfa969e9c12581b5e8b1b19f',null,to_date('24-10-31','RR-MM-DD'),null,5,0,0);
Insert into JPAT.POST (POST_IDX,POST_TYPE_IDX,TITLE,CONTENTS,USER_IDX,NICKNAME,PASSWORD,IMGURL,REGDATE,MODIFYDATE,VIEWCOUNT,LIKECOUNT,REPLYCOUNT) values (20,1,'ък?кмїєкыьэ▄тк╬л▌л├л╫л╜лєл░','╒кк┴?кєк└у┴к╦┌дкдк╞ък?кмїєкыкшкжк╩л▌л├л╫к╩═╪кЄЄ▒кък┐кдк╟к╣бг╦╦к╡кєк╬лдл┴лкл╖к╧∙╝к╟к╣клг┐',9,'к▀к│','b8e55aa3b5ca9f262f8bcc7c05947a26fdee2da6da2a5b7ea546fbff8e1054',null,to_date('24-10-31','RR-MM-DD'),null,1,0,0);
Insert into JPAT.POST (POST_IDX,POST_TYPE_IDX,TITLE,CONTENTS,USER_IDX,NICKNAME,PASSWORD,IMGURL,REGDATE,MODIFYDATE,VIEWCOUNT,LIKECOUNT,REPLYCOUNT) values (21,2,'novalbrightк╬═╪кткдкд','╙▐√┐кн',13,'л╒л╓лн','fa6f496a39803fc19cfcf6939e97d679cbd5cecf9efaf767519844c4ed0a6',null,to_date('24-10-31','RR-MM-DD'),null,8,0,0);
Insert into JPAT.POST (POST_IDX,POST_TYPE_IDX,TITLE,CONTENTS,USER_IDX,NICKNAME,PASSWORD,IMGURL,REGDATE,MODIFYDATE,VIEWCOUNT,LIKECOUNT,REPLYCOUNT) values (25,2,'Pretender','OFFICIAL?╤√DISMк╬╩░',11,'лвлн','9c83da4a1fe14f061a64dd5caf8bae5f07b4b942f32582c6e7858c6cc82bbc9',null,to_date('24-10-31','RR-MM-DD'),to_date('24-10-31','RR-MM-DD'),45,7,0);
Insert into JPAT.POST (POST_IDX,POST_TYPE_IDX,TITLE,CONTENTS,USER_IDX,NICKNAME,PASSWORD,IMGURL,REGDATE,MODIFYDATE,VIEWCOUNT,LIKECOUNT,REPLYCOUNT) values (23,1,'?клк╖кд90╥┤╙█к╬ьэ▄тк╬л╥л├л╚л╜лєл░кЄўок╖к╞кдк▐к╣гб','90╥┤╙█к╬ьэ▄тк╬┘г═╪кфл╥л├л╚═╪км┌дкнк┐кдк╟к╣бг?клк╖кд═╪кмквкьк╨?кик╞кпк└к╡кдгб',null,'лэлэ','993d35c4c9cede728c3b9327fc772f369dd8ca9cbeffb5f8763324acf1167e4',null,to_date('24-10-31','RR-MM-DD'),null,10,0,0);
Insert into JPAT.POST (POST_IDX,POST_TYPE_IDX,TITLE,CONTENTS,USER_IDX,NICKNAME,PASSWORD,IMGURL,REGDATE,MODIFYDATE,VIEWCOUNT,LIKECOUNT,REPLYCOUNT) values (24,2,'кск├к┴ку═╘кд╩░','╤ёк╖кд',11,'лвлн','9c83da4a1fe14f061a64dd5caf8bae5f07b4b942f32582c6e7858c6cc82bbc9',null,to_date('24-10-31','RR-MM-DD'),null,0,0,0);
Insert into JPAT.POST (POST_IDX,POST_TYPE_IDX,TITLE,CONTENTS,USER_IDX,NICKNAME,PASSWORD,IMGURL,REGDATE,MODIFYDATE,VIEWCOUNT,LIKECOUNT,REPLYCOUNT) values (26,1,'ышк▒кы╩░кЄ?кик╞гб','▐╓кяк║?кмїєк╞к╖к▐кжкшкжк╩╩░кЄЄ▒кък┐кдк╟к╣бг╦╦к╡кєк╬б╕ышк▒кы╩░б╣ккк╣к╣кскЄк╝к╥гб',18,'л╣л╨лы','22f53f4e78454117f668ac554dbe14676873b0f7ca364e8f6056452cbed4e',null,to_date('24-10-31','RR-MM-DD'),null,0,0,0);
Insert into JPAT.POST (POST_IDX,POST_TYPE_IDX,TITLE,CONTENTS,USER_IDX,NICKNAME,PASSWORD,IMGURL,REGDATE,MODIFYDATE,VIEWCOUNT,LIKECOUNT,REPLYCOUNT) values (27,1,'ккк╣к╣кск╬лэл├лпл╨лєл╔кЄ?кик╞кпк└к╡кдгб','ьэ▄тк╬лэл├лпкм╙▐√┐кнк╟к╣бгўхк╦цЁкдл╨лєл╔кфккк╣к╣кск╬═╪кмквкьк╨?кик╞кпк└к╡кдбг',null,'квкв','a3d9b31336a4705fd761bd9f32da3da76ea8ef4052bc839e60b44f137db52b2b',null,to_date('24-10-31','RR-MM-DD'),null,0,0,0);
Insert into JPAT.POST (POST_IDX,POST_TYPE_IDX,TITLE,CONTENTS,USER_IDX,NICKNAME,PASSWORD,IMGURL,REGDATE,MODIFYDATE,VIEWCOUNT,LIKECOUNT,REPLYCOUNT) values (28,2,'л╔лнл╔лнк╩╩░','▐чктл╔лнл╔лнк╦к╩кък┐кдкш',16,'квкфкс','c88290ab4720e377a2e0fb3cf021aeb829b03c34f2ab1de1db3df1aab8cec952',null,to_date('24-10-31','RR-MM-DD'),null,39,5,0);
Insert into JPAT.POST (POST_IDX,POST_TYPE_IDX,TITLE,CONTENTS,USER_IDX,NICKNAME,PASSWORD,IMGURL,REGDATE,MODIFYDATE,VIEWCOUNT,LIKECOUNT,REPLYCOUNT) values (29,1,'хик╦кцк├кпкъ┌дкнк┐кдьэ▄тк╬═╪','хик╦┌дкпк╚╒кк┴є╖кп═╪кЄўок╖к╞кдк▐к╣бгк▀к╩к╡кєк╬б╕хик╦к╘к├к┐кък╩═╪б╣кЄ?кик╞кпк└к╡кдбг',15,'л╖лклє','1c768068c1db483cc556a6d2fbc0a681312863c642fa8d11455241b5df932',null,to_date('24-10-31','RR-MM-DD'),null,0,0,0);
Insert into JPAT.POST (POST_IDX,POST_TYPE_IDX,TITLE,CONTENTS,USER_IDX,NICKNAME,PASSWORD,IMGURL,REGDATE,MODIFYDATE,VIEWCOUNT,LIKECOUNT,REPLYCOUNT) values (30,1,'ї╠уцк╬J-POPл╥л├л╚═╪бвк│кькмккк╣к╣ксгб','ї╠╨╬№еЁ╣к╬J-POPк╟бвўхк╦ккк╣к╣кск╬═╪к╧квкък▐к╣клг┐уцк╖кд?╠╕кЄк╖к┐кдк╟к╣бг',14,'к▐к─къ','d479fadf0c96735c15eb057f132f4c78619fdd69284f4bd41ebc9e367fe338',null,to_date('24-10-31','RR-MM-DD'),null,0,0,0);
Insert into JPAT.POST (POST_IDX,POST_TYPE_IDX,TITLE,CONTENTS,USER_IDX,NICKNAME,PASSWORD,IMGURL,REGDATE,MODIFYDATE,VIEWCOUNT,LIKECOUNT,REPLYCOUNT) values (31,1,'л▄?лллэлдл╔═╪к╟ўхк╦√┐кнк╩ктк╬к╧г┐','л▄лллэкм√┐кнк╩ь╤к╦┌дкнк┐кдк╟к╣гбкк?к╦ь¤кък╬л▄лллэ═╪кфь╤?к╬квкыктк╬кЄ?кик╞кпк└к╡кдгб',null,'лэлэ','50539671e78194727ee7d8afbe95a2f7555dbc3db2b82302eaed8ae55d84a67',null,to_date('24-10-31','RR-MM-DD'),null,0,0,0);
Insert into JPAT.POST (POST_IDX,POST_TYPE_IDX,TITLE,CONTENTS,USER_IDX,NICKNAME,PASSWORD,IMGURL,REGDATE,MODIFYDATE,VIEWCOUNT,LIKECOUNT,REPLYCOUNT) values (32,1,'лллщлкл▒к╟р№къ▀╛кмкыьэ▄тк╬═╪кЄ?кик╞гб','щ╥╙╣к╚лллщлкл▒к╟╩░кжк╚р№къ▀╛кмкы═╪кЄЄ▒кък┐кдк╟к╣бгк▀к╩к╡кєк╬ккк╣к╣кск╧∙╝к╟к╣клг┐',null,'лэлэ','cc8aba39ea8cc2dc3a213e796c2f93b604f2a54433e283696b208392443e',null,to_date('24-10-31','RR-MM-DD'),null,0,0,0);
Insert into JPAT.POST (POST_IDX,POST_TYPE_IDX,TITLE,CONTENTS,USER_IDX,NICKNAME,PASSWORD,IMGURL,REGDATE,MODIFYDATE,VIEWCOUNT,LIKECOUNT,REPLYCOUNT) values (33,1,'?фёл╜лєл░к╬ккк╣к╣кск╧г┐','?фёк╦к─кдк╞╩░к├к┐ьэ▄тк╬┘г═╪км┌дкнк┐кдк╟к╣бгу¤к╦ц°к▀кыкшкжк╩лщл╓л╜лєл░кмквкьк╨?кик╞кпк└к╡кдгб',5,'л┌л│лщ','504583fd8b4f5585f8b36a47417fc17953aab39371eca26ca4ac6d77a8e6bd',null,to_date('24-10-31','RR-MM-DD'),null,0,0,0);
Insert into JPAT.POST (POST_IDX,POST_TYPE_IDX,TITLE,CONTENTS,USER_IDX,NICKNAME,PASSWORD,IMGURL,REGDATE,MODIFYDATE,VIEWCOUNT,LIKECOUNT,REPLYCOUNT) values (35,1,'╪ї?кфэ┬хЎёщк╦к╘к├к┐кък╬ьэ▄тк╬═╪','э┬хЎкф╪ї?кЄк╖к╞кдкыу┴к╦євёщк╟кнкы═╪кЄўок╖к╞кдк▐к╣бг╦╦к╡кєк╬б╕э┬хЎBGMб╣к╦∙ъкж═╪кЄ?кик╞кпк└к╡кдгб',35,'лплэлё','e812cf1b91b1758e7917b97bb6a1763dbc6fde63e6b8f102527684777719',null,to_date('24-10-31','RR-MM-DD'),null,0,0,0);
Insert into JPAT.POST (POST_IDX,POST_TYPE_IDX,TITLE,CONTENTS,USER_IDX,NICKNAME,PASSWORD,IMGURL,REGDATE,MODIFYDATE,VIEWCOUNT,LIKECOUNT,REPLYCOUNT) values (36,1,'кцк├к┐кък╚к╖к┐?▌┬к╦к╘к├к┐кък╩ьэ▄тк╬╩░к╧г┐','кцк├кпкък╚к╖к┐?▌┬к╦к╩кък┐кду┴к╦┌дкпк╚╒▐кд═╪кмквкьк╨?кик╞кпк└к╡кдбг',34,'к│кшкъ','9a606778d3bba56dadc2bff55dd363f654249a5a34e661ae5a2708925923e',null,to_date('24-10-31','RR-MM-DD'),null,0,0,0);
Insert into JPAT.POST (POST_IDX,POST_TYPE_IDX,TITLE,CONTENTS,USER_IDX,NICKNAME,PASSWORD,IMGURL,REGDATE,MODIFYDATE,VIEWCOUNT,LIKECOUNT,REPLYCOUNT) values (37,1,'┘╙кф¤ё╪╨к╦к─кдк╞╩░к├к┐ьэ▄тк╬┘г═╪к╧г┐','юё·╛кнк╩?Єек┴к╦к╩кькыбв┘╙кф¤ё╪╨к╦к─кдк╞к╬╩░кЄЄ▒кък┐кдк╟к╣бгк╝к╥ккк╣к╣кскЄ?кик╞кпк└к╡кдгб',33,'лылд','c35e631aedec24fee6d164aeac22c3b429bce8258afd96eeabc97b78acc8f',null,to_date('24-10-31','RR-MM-DD'),null,0,0,0);
Insert into JPAT.POST (POST_IDX,POST_TYPE_IDX,TITLE,CONTENTS,USER_IDX,NICKNAME,PASSWORD,IMGURL,REGDATE,MODIFYDATE,VIEWCOUNT,LIKECOUNT,REPLYCOUNT) values (38,1,'лвлдл╔лыл╜лєл░к╟╨╤ьщ█ул█л├л╚к╩═╪к╧г┐','ї╠╨╬к╬лвлдл╔лыл╜лєл░к╟№еЁ╣к╬═╪кфккк╣к╣кскЄЄ▒кък┐кдк╟к╣бг╦╦к╡кєк╬ккк╣к╣кскЄ?кик╞кпк└к╡кдгб',32,'лщл╫лщл╣','2a3af0b4a77de736294377ad329d3af3b4dd2734a295a9edd962dcc4e4a7b0',null,to_date('24-10-31','RR-MM-DD'),null,0,0,0);
Insert into JPAT.POST (POST_IDX,POST_TYPE_IDX,TITLE,CONTENTS,USER_IDX,NICKNAME,PASSWORD,IMGURL,REGDATE,MODIFYDATE,VIEWCOUNT,LIKECOUNT,REPLYCOUNT) values (39,1,'щык╬ьэк╦к╘к├к┐кък╩ьэ▄тк╬═╪','щык╬ьэк╦┌дкпк╚╒кк┴є╖кпкшкжк╩═╪кфбвк╖к├к╚кък╚к╖к┐▌╘??к╬═╪кЄўок╖к╞кдк▐к╣бг',31,'л▌лылл','65da26c39b7d7cfdf69c02e456d4ff2b87e5a496c1abdb4b1170cc6a65',null,to_date('24-10-31','RR-MM-DD'),null,0,0,0);
Insert into JPAT.POST (POST_IDX,POST_TYPE_IDX,TITLE,CONTENTS,USER_IDX,NICKNAME,PASSWORD,IMGURL,REGDATE,MODIFYDATE,VIEWCOUNT,LIKECOUNT,REPLYCOUNT) values (40,1,'щ╕?кмїєкыьэ▄тк╬лв?л╞лгл╣л╚к╬╩░','к─кщкду┴к╦щ╕?кЄкпкькыкшкжк╩ьэ▄тк╬лв?л╞лгл╣л╚к╬╩░км┌дкнк┐кдк╟к╣бг╦╦к╡кєк╬?ъ╡л╜лєл░кЄ?кик╞кпк└к╡кдгб',30,'к▄к┐кє','42508e6d430153c9a653284912264ffbf17f211ceb15951d6d6ae261ad285',null,to_date('24-10-31','RR-MM-DD'),null,0,0,0);
Insert into JPAT.POST (POST_IDX,POST_TYPE_IDX,TITLE,CONTENTS,USER_IDX,NICKNAME,PASSWORD,IMGURL,REGDATE,MODIFYDATE,VIEWCOUNT,LIKECOUNT,REPLYCOUNT) values (41,1,'с╣√·к╬┘г═╪кЄЄ▒кък┐кдгб','с╣√·у┴╙█к╬┘г═╪кфя╥█у═╪км┌дкнк┐кдк╟к╣бг?клк╖кдс╣√·к╬╩░к╟ккк╣к╣кскмквкьк╨?кик╞кпк└к╡кдгб',29,'к═к═','d2cd30ea7a46671e6fa8d3f891c743ced8e143819b0e05e4d5b496424a89b56',null,to_date('24-10-31','RR-MM-DD'),null,0,0,0);
Insert into JPAT.POST (POST_IDX,POST_TYPE_IDX,TITLE,CONTENTS,USER_IDX,NICKNAME,PASSWORD,IMGURL,REGDATE,MODIFYDATE,VIEWCOUNT,LIKECOUNT,REPLYCOUNT) values (42,1,'╒кк┴?кєк└у┴к╦┌дкнк┐кдыик╖к╬═╪','?▌┬км╒кк┴?кєк╟кдкыу┴к╦ък?кмїєкыкшкжк╩ыик╖к╬═╪кЄ?кик╞кпк└к╡кдбгу¤км╒кк┴є╖кп═╪кЄўок╖к╞кдк▐к╣гб',28,'лы?л╩','b3a964c2a8299dff444f2ab5d6e86061e71a7ab232d5932762fafda760eb6ff3',null,to_date('24-10-31','RR-MM-DD'),null,0,0,0);
Insert into JPAT.POST (POST_IDX,POST_TYPE_IDX,TITLE,CONTENTS,USER_IDX,NICKNAME,PASSWORD,IMGURL,REGDATE,MODIFYDATE,VIEWCOUNT,LIKECOUNT,REPLYCOUNT) values (43,1,'ьэ▄тк╬л╥л├л╫л█л├л╫к╟ккк╣к╣кск╬═╪к╧г┐','ьэ▄тк╬л╥л├л╫л█л├л╫л╖?лєкм√┐кнк╟к╣гбўхк╦ккк╣к╣кск╬═╪кфлв?л╞лгл╣л╚кмкдк┐кщк╝к╥?кик╞кпк└к╡кдбг',27,'л╚ля','ea9bbe78db2e54c9943bdb3c4acf4cd5a7c2641398a447532454438a832d3cb',null,to_date('24-10-31','RR-MM-DD'),null,0,0,0);
Insert into JPAT.POST (POST_IDX,POST_TYPE_IDX,TITLE,CONTENTS,USER_IDX,NICKNAME,PASSWORD,IMGURL,REGDATE,MODIFYDATE,VIEWCOUNT,LIKECOUNT,REPLYCOUNT) values (44,1,'ккк╣к╣кск╬л╡л▐?л╜лєл░кЄ?кик╞гб','∙╛к╦к╘к├к┐кък╬▀╨кфклк╩═╪кЄўок╖к╞кдк▐к╣бгк▀к╩к╡кєкм∙╛к╦к╩кык╚┌дкнк┐кпк╩кы═╪к╧∙╝к╟к╣клг┐',26,'кяк┐кс','c1deb0b2616f92a4f81e76d539627d635deb604a209daa1914267a52f547cb4',null,to_date('24-10-31','RR-MM-DD'),null,0,0,0);
Insert into JPAT.POST (POST_IDX,POST_TYPE_IDX,TITLE,CONTENTS,USER_IDX,NICKNAME,PASSWORD,IMGURL,REGDATE,MODIFYDATE,VIEWCOUNT,LIKECOUNT,REPLYCOUNT) values (45,1,'хик╬л╔лщлдл╓к╦к╘к├к┐кък╩ьэ▄тк╬═╪','хик╦л╔лщлдл╓к╣кыу┴к╦┌дкпк╚ї╠═╘к╩═╪кмквкьк╨?кик╞кпк└к╡кдбгкк?к╦ь¤кък╬л╔лщлдл╓л╜лєл░кЄл╖лзлвк╖к▐к╖кчкжгб',25,'клк╩к┐','b28cf7bdac442831174e063375f5083bb462069772722d9f5c538e6b7637932',null,to_date('24-10-31','RR-MM-DD'),null,0,0,0);
Insert into JPAT.POST (POST_IDX,POST_TYPE_IDX,TITLE,CONTENTS,USER_IDX,NICKNAME,PASSWORD,IMGURL,REGDATE,MODIFYDATE,VIEWCOUNT,LIKECOUNT,REPLYCOUNT) values (46,1,'█└лэл├лпк╟ё╝┘═к╬лв?л╞лгл╣л╚к╧г┐','ьэ▄тк╬лэл├лпл╨лєл╔кфлв?л╞лгл╣л╚к╟╨╤ё╝┘═к╖к╞кдкыь╤к╧кдк▐к╣клг┐ккк╣к╣кск╬?═╪кт∙ъкяк╗к╞?кик╞кпк└к╡кдгб',24,'л╬лилы','9a5a56f18e22ea1c70ca91e6aba27d9af099d48a81f4b93eb243bea7aab66d96',null,to_date('24-10-31','RR-MM-DD'),null,0,0,0);
Insert into JPAT.POST (POST_IDX,POST_TYPE_IDX,TITLE,CONTENTS,USER_IDX,NICKNAME,PASSWORD,IMGURL,REGDATE,MODIFYDATE,VIEWCOUNT,LIKECOUNT,REPLYCOUNT) values (47,1,'ї╠уцк╬лвлдл╔лыл╜лєл░к╟кк?к╦ь¤кък╧г┐','ї╠╨╬л╟л╙лх?к╖к┐лвлдл╔лыкфь╤?к╬лвлдл╔лыл╜лєл░к╟ккк╣к╣кск╬═╪к╧квкък▐к╣клг┐ё╝┘═к╬═╪кЄ?кик╞кпк└к╡кдгб',23,'л╒льлв','90148ef276244e8af1d287b63e3be4a07b7c7cbb1521b9718b6d12ab1c3f',null,to_date('24-10-31','RR-MM-DD'),null,0,0,0);
Insert into JPAT.POST (POST_IDX,POST_TYPE_IDX,TITLE,CONTENTS,USER_IDX,NICKNAME,PASSWORD,IMGURL,REGDATE,MODIFYDATE,VIEWCOUNT,LIKECOUNT,REPLYCOUNT) values (48,1,'л╘лвл╬лслдлєк╬═╪к╟ккк╣к╣кск╧г┐','л╘лвл╬кмлслдлєк╟▐┼кякьк╞кдкыьэ▄тк╬═╪к╟бвўхк╦ккк╣к╣кск╬ктк╬кмквкьк╨?кик╞кпк└к╡кдгб',21,'ккклкц','76a99de61e2f85b7bdafede9c46392ded5416c72d37d95fd71545dbf7070',null,to_date('24-10-31','RR-MM-DD'),null,0,0,0);
Insert into JPAT.POST (POST_IDX,POST_TYPE_IDX,TITLE,CONTENTS,USER_IDX,NICKNAME,PASSWORD,IMGURL,REGDATE,MODIFYDATE,VIEWCOUNT,LIKECOUNT,REPLYCOUNT) values (49,1,'ьщ╙°┌дкдк┐кщ╪╬кькщкьк╩кдлнлул├л┴?к╩ьэ▄тк╬═╪','╘щклкщ╫юкьк╩кпк╩кыкшкжк╩лнлул├л┴?к╩ьэ▄тк╬═╪кЄўок╖к╞кдк▐к╣бг╦╦к╡кєк╬ккк╣к╣кскЄ?кик╞кпк└к╡кдгб',20,'л▀лк','9f56a7c3df7741c7614c576bb3689d5edbe787cef5db31b1f40a36fb3a21ffb',null,to_date('24-10-31','RR-MM-DD'),null,0,0,0);
Insert into JPAT.POST (POST_IDX,POST_TYPE_IDX,TITLE,CONTENTS,USER_IDX,NICKNAME,PASSWORD,IMGURL,REGDATE,MODIFYDATE,VIEWCOUNT,LIKECOUNT,REPLYCOUNT) values (50,1,'ї╒к╦┌дкнк┐кпк╩кы═╪к├к╞квкък▐к╣клг┐','ї╒к╬╠∙я╜к╦к╘к├к┐кък╬═╪кЄўок╖к╞кдк▐к╣бгк▀к╩к╡кєк╬кк?к╦ь¤кък╬ї╒л╜лєл░кЄ?кик╞кпк└к╡кдгб',22,'к│кэк═','fffa7c189e519e75d8ae1fbb3bc7764c8d39da51f5293124c8ede68d16b59d',null,to_date('24-10-31','RR-MM-DD'),null,0,0,0);
Insert into JPAT.POST (POST_IDX,POST_TYPE_IDX,TITLE,CONTENTS,USER_IDX,NICKNAME,PASSWORD,IMGURL,REGDATE,MODIFYDATE,VIEWCOUNT,LIKECOUNT,REPLYCOUNT) values (51,1,'лвл│?л╣л╞лгл├лпк╩╩як╕к╬═╪кЄ?кик╞кпк└к╡кдгб','лвл│?л╣л╞лгл├лпк╩▌╘??к╬═╪к╟бвьэ▄тк╬лв?л╞лгл╣л╚к╬ккк╣к╣кскмквкьк╨к╝к╥?кик╞кпк└к╡кдбг',2,'ё┤','285da275d9a82a3f64eeef8615785eff6373e2325a9a5fc9b983b16da577fb',null,to_date('24-10-31','RR-MM-DD'),null,0,0,0);
Insert into JPAT.POST (POST_IDX,POST_TYPE_IDX,TITLE,CONTENTS,USER_IDX,NICKNAME,PASSWORD,IMGURL,REGDATE,MODIFYDATE,VIEWCOUNT,LIKECOUNT,REPLYCOUNT) values (52,1,'їЁк╬?▌┬к╦к╘к├к┐кък╩ьэ▄тк╬═╪','?км?кп╠∙я╜к╦к╘к├к┐кък╬═╪кЄўок╖к╞кдк▐к╣бг╦╦к╡кєк╬б╕їЁк╦?кнк┐кд═╪б╣кЄ?кик╞кпк└к╡кдгб',3,'л▐лълє','c4b569a7b1dd12ff8ce1c102b4f34845d1539b43ac241c99b149e899742db24',null,to_date('24-10-31','RR-MM-DD'),null,0,0,0);
Insert into JPAT.POST (POST_IDX,POST_TYPE_IDX,TITLE,CONTENTS,USER_IDX,NICKNAME,PASSWORD,IMGURL,REGDATE,MODIFYDATE,VIEWCOUNT,LIKECOUNT,REPLYCOUNT) values (53,1,'?▌┬кЄр№къ▀╛к▓кыл└лєл╣л╜лєл░к╧г┐','щ╔кък┐кпк╩кыкшкжк╩л╬лък╬╒▐кдл└лєл╣л╜лєл░кЄўок╖к╞кдк▐к╣бгьэ▄тк╬═╪к╟ккк╣к╣кскмквкьк╨?кик╞кпк└к╡кдгб',4,'лщл▀лг','40232ac470357befd8a437c4a2fbed473f678d51e7eae5eed0e69da7ea21',null,to_date('24-10-31','RR-MM-DD'),null,0,0,0);
Insert into JPAT.POST (POST_IDX,POST_TYPE_IDX,TITLE,CONTENTS,USER_IDX,NICKNAME,PASSWORD,IMGURL,REGDATE,MODIFYDATE,VIEWCOUNT,LIKECOUNT,REPLYCOUNT) values (54,1,'лщл├л╫кмклк├к│кдкдьэ▄тк╬═╪к╧г┐','клк├к│кдкдлщл├л╫кмь¤к├к┐ьэ▄тк╬═╪кмквкьк╨Є▒кък┐кдк╟к╣бг╦╦к╡кєк╬кк?к╦ь¤къкЄ?кик╞кпк└к╡кдгб',5,'л┌л│лщ','504583fd8b4f5585f8b36a47417fc17953aab39371eca26ca4ac6d77a8e6bd',null,to_date('24-10-31','RR-MM-DD'),null,16,0,0);
Insert into JPAT.POST (POST_IDX,POST_TYPE_IDX,TITLE,CONTENTS,USER_IDX,NICKNAME,PASSWORD,IMGURL,REGDATE,MODIFYDATE,VIEWCOUNT,LIKECOUNT,REPLYCOUNT) values (55,1,'щ╥╙╣к╚?к╖крк╬к╦к╘к├к┐кък╩ьэ▄тк╬╩░','щ╥╙╣к╚ьщ?к╦?к╖кскыкшкжк╩═╪кЄўок╖к╞кдк▐к╣бгк▀к╩к╡кєк╬ккк╣к╣кскЄ?кик╞кпк└к╡кдгб',6,'к╜кщ','7cb11a818c552f4c7e82c5efb28ad48481b6187a31d978dfd31edd62a8da98e',null,to_date('24-10-31','RR-MM-DD'),null,13,0,0);
Insert into JPAT.POST (POST_IDX,POST_TYPE_IDX,TITLE,CONTENTS,USER_IDX,NICKNAME,PASSWORD,IMGURL,REGDATE,MODIFYDATE,VIEWCOUNT,LIKECOUNT,REPLYCOUNT) values (56,1,'┌╕к╖кд╩░▐Єк╦╩я╘╤к╣кыьэ▄тк╬═╪','╩░▐Єкм┌╕к╖кпк╞у¤к╦·┬кпьэ▄тк╬═╪кЄ?кик╞кпк└к╡кдбг╩я╘╤к╖к┐╩░▐Єкмквкьк╨к╝к╥л╖лзлвк╖к╞кпк└к╡кдбг<br><br>',7,'лэл▄энк╡кє','d12e38b27a3a48aa0e064db84727b3dbae13acd2ec3729c602bb87c9f8c',null,to_date('24-10-31','RR-MM-DD'),null,1,0,0);
Insert into JPAT.POST (POST_IDX,POST_TYPE_IDX,TITLE,CONTENTS,USER_IDX,NICKNAME,PASSWORD,IMGURL,REGDATE,MODIFYDATE,VIEWCOUNT,LIKECOUNT,REPLYCOUNT) values (57,1,'щык╬ьэк╦к╘к├к┐кък╬ыик╖л╜лєл░','щык╬ьэк╦лълщл├лпл╣к╟кнкыкшкжк╩ыик╖л╜лєл░кЄўок╖к╞кдк▐к╣бг╦╦к╡кєк╬ккк╣к╣кск╧∙╝к╟к╣клг┐',8,'AZKi','3aa9e5835d1209dd7a8b59cb3476e68a1423c9dfa969e9c12581b5e8b1b19f',null,to_date('24-10-31','RR-MM-DD'),null,13,0,0);
Insert into JPAT.POST (POST_IDX,POST_TYPE_IDX,TITLE,CONTENTS,USER_IDX,NICKNAME,PASSWORD,IMGURL,REGDATE,MODIFYDATE,VIEWCOUNT,LIKECOUNT,REPLYCOUNT) values (58,1,'уў?к╬ў╘к▀кЄыик╖к╞кпкькы═╪','уў?к╖к┐у┴к╦?кнк┐кдбву¤к╬Єикик╦к╩кыкшкжк╩═╪кмквкьк╨?кик╞кпк└к╡кдбг',9,'к▀к│','b8e55aa3b5ca9f262f8bcc7c05947a26fdee2da6da2a5b7ea546fbff8e1054',null,to_date('24-10-31','RR-MM-DD'),null,18,2,0);
Insert into JPAT.POST (POST_IDX,POST_TYPE_IDX,TITLE,CONTENTS,USER_IDX,NICKNAME,PASSWORD,IMGURL,REGDATE,MODIFYDATE,VIEWCOUNT,LIKECOUNT,REPLYCOUNT) values (59,1,'л╬л╣л┐лыл╕л├лпк╩?▌┬к╦к╩кькыьэ▄тк╬═╪','рокЄ▐╓кдїєк╡к╗к╞кпкькыкшкжк╩л╬л╣л┐лыл╕л├лпк╩═╪кЄўок╖к╞кдк▐к╣бг╦╦к╡кєк╬▐╓кдїєк╬═╪к╧∙╝к╟к╣клг┐',36,'кдкэк╧','8953febbf8b73bc2c0412a9533212d480a4888bb8a69bdf91b43f854a1ac48',null,to_date('24-10-31','RR-MM-DD'),null,8,0,0);
Insert into JPAT.POST (POST_IDX,POST_TYPE_IDX,TITLE,CONTENTS,USER_IDX,NICKNAME,PASSWORD,IMGURL,REGDATE,MODIFYDATE,VIEWCOUNT,LIKECOUNT,REPLYCOUNT) values (60,1,'хик╬ьщь╤у┴╩рк╦?кнк┐кд?клк╩═╪','хибвьщь╤к╟кцк├кпкък╚к╖к┐у┴╩ркЄ╬жк┤к╣к╚кнк╦?кнк┐кд?клк╩═╪кЄЄ▒кък┐кдк╟к╣бг<br><br>',35,'лплэлё','e812cf1b91b1758e7917b97bb6a1763dbc6fde63e6b8f102527684777719',null,to_date('24-10-31','RR-MM-DD'),null,31,0,0);
Insert into JPAT.POST (POST_IDX,POST_TYPE_IDX,TITLE,CONTENTS,USER_IDX,NICKNAME,PASSWORD,IMGURL,REGDATE,MODIFYDATE,VIEWCOUNT,LIKECOUNT,REPLYCOUNT) values (61,2,'квкдк▀кчкєк╬╩░к╬ёщк╟ї╠═╘к└к╚▐╓кж','л▐лъл┤?лыл╔к╟к╣',35,'лплэлё','e812cf1b91b1758e7917b97bb6a1763dbc6fde63e6b8f102527684777719',null,to_date('24-10-31','RR-MM-DD'),null,51,6,0);
Insert into JPAT.POST (POST_IDX,POST_TYPE_IDX,TITLE,CONTENTS,USER_IDX,NICKNAME,PASSWORD,IMGURL,REGDATE,MODIFYDATE,VIEWCOUNT,LIKECOUNT,REPLYCOUNT) values (62,2,'ьщк─ккк╣к╣кс','Saucy Dogк╬╩░',34,'к│кшкъ','9a606778d3bba56dadc2bff55dd363f654249a5a34e661ae5a2708925923e',null,to_date('24-10-31','RR-MM-DD'),null,21,7,0);
Insert into JPAT.POST (POST_IDX,POST_TYPE_IDX,TITLE,CONTENTS,USER_IDX,NICKNAME,PASSWORD,IMGURL,REGDATE,MODIFYDATE,VIEWCOUNT,LIKECOUNT,REPLYCOUNT) values (63,2,'yoasobi√┐кнг┐','▐чкм√┐кн',33,'лылд','c35e631aedec24fee6d164aeac22c3b429bce8258afd96eeabc97b78acc8f',null,to_date('24-10-31','RR-MM-DD'),null,18,2,0);
Insert into JPAT.POST (POST_IDX,POST_TYPE_IDX,TITLE,CONTENTS,USER_IDX,NICKNAME,PASSWORD,IMGURL,REGDATE,MODIFYDATE,VIEWCOUNT,LIKECOUNT,REPLYCOUNT) values (64,1,'ьэ▄тк╬льл▓ликфл╣ллк╟ккк╣к╣кск╬═╪','ьэ▄тк╬льл▓ликфл╣ллк╟?кдк┐к│к╚к╬квкыккк╣к╣кск╬═╪кЄ?кик╞кпк└к╡кдгбуцк╖кдл╕лулєлыкЄ?к╖к▀к┐кдк╟к╣бг',32,'лщл╫лщл╣','2a3af0b4a77de736294377ad329d3af3b4dd2734a295a9edd962dcc4e4a7b0',null,to_date('24-10-31','RR-MM-DD'),null,26,0,0);
Insert into JPAT.POST (POST_IDX,POST_TYPE_IDX,TITLE,CONTENTS,USER_IDX,NICKNAME,PASSWORD,IMGURL,REGDATE,MODIFYDATE,VIEWCOUNT,LIKECOUNT,REPLYCOUNT) values (65,2,'▐чкм√┐кнк╩╩░тв','лшлыл╖ллк└кш',31,'л▌лылл','65da26c39b7d7cfdf69c02e456d4ff2b87e5a496c1abdb4b1170cc6a65',null,to_date('24-10-31','RR-MM-DD'),null,23,0,0);
Insert into JPAT.POST (POST_IDX,POST_TYPE_IDX,TITLE,CONTENTS,USER_IDX,NICKNAME,PASSWORD,IMGURL,REGDATE,MODIFYDATE,VIEWCOUNT,LIKECOUNT,REPLYCOUNT) values (66,1,'╒щ·╝ёщк╦?кнк┐кдьэ▄тк╬═╪к╧г┐','╒щ·╝ёщкфь╣╘╤ёщк╦к╘к├к┐кък╬ьэ▄тк╬═╪кЄўок╖к╞кдк▐к╣бг╦╦к╡кєкм╒щк╬╩рк╦кшкп?кп═╪кЄ?кик╞кпк└к╡кдгб',30,'к▄к┐кє','42508e6d430153c9a653284912264ffbf17f211ceb15951d6d6ae261ad285',null,to_date('24-10-31','RR-MM-DD'),null,16,1,0);
Insert into JPAT.POST (POST_IDX,POST_TYPE_IDX,TITLE,CONTENTS,USER_IDX,NICKNAME,PASSWORD,IMGURL,REGDATE,MODIFYDATE,VIEWCOUNT,LIKECOUNT,REPLYCOUNT) values (67,1,'∙╛Ёокък╦?кнк┐кдьэ▄тк╬?ў╓ых?кф∙╛╩░','∙╛ЁокъкфккЁокък╬▌╘??кЄ╩як╕кщкькыьэ▄тк╬═╪кф?ў╓ых?кмквкьк╨?кик╞кпк└к╡кдгб',29,'к═к═','d2cd30ea7a46671e6fa8d3f891c743ced8e143819b0e05e4d5b496424a89b56',null,to_date('24-10-31','RR-MM-DD'),null,20,4,0);
Insert into JPAT.POST (POST_IDX,POST_TYPE_IDX,TITLE,CONTENTS,USER_IDX,NICKNAME,PASSWORD,IMGURL,REGDATE,MODIFYDATE,VIEWCOUNT,LIKECOUNT,REPLYCOUNT) values (68,1,'?▌┬кЄлъл╒льл├л╖лхк╣кык┐кск╬ьэ▄тк╬═╪к╧г┐','л╣л╚льл╣·░с╝кф?▌┬?№╡к╦к╘к├к┐кък╩═╪кЄЄ▒кък┐кдк╟к╣бг╦╦к╡кєк╬б╕лъл╒льл├л╖лхл╜лєл░б╣к╧∙╝к╟к╣клг┐',28,'лы?л╩','b3a964c2a8299dff444f2ab5d6e86061e71a7ab232d5932762fafda760eb6ff3',null,to_date('24-10-31','RR-MM-DD'),null,9,0,0);
Insert into JPAT.POST (POST_IDX,POST_TYPE_IDX,TITLE,CONTENTS,USER_IDX,NICKNAME,PASSWORD,IMGURL,REGDATE,MODIFYDATE,VIEWCOUNT,LIKECOUNT,REPLYCOUNT) values (69,1,'Ё╚к╬ў╫╨├?ў╫?к╦ък?кмїєкы═╪','Ё╚к╬ў╫╨├кфў╫?у┴к╦?▌┬км▀╛кмкыкшкжк╩ък?к╩═╪кЄ?кик╞кпк└к╡кдбг╦╦к╡кєк╬Ё╚к╬я╥█у═╪к╧г┐',27,'л╚ля','ea9bbe78db2e54c9943bdb3c4acf4cd5a7c2641398a447532454438a832d3cb',null,to_date('24-10-31','RR-MM-DD'),null,19,2,0);
Insert into JPAT.POST (POST_IDX,POST_TYPE_IDX,TITLE,CONTENTS,USER_IDX,NICKNAME,PASSWORD,IMGURL,REGDATE,MODIFYDATE,VIEWCOUNT,LIKECOUNT,REPLYCOUNT) values (70,1,'ї╠╨╬л╧л▐к├к╞кдкыьэ▄тк╬лдлєл╟лг?л║л╜лєл░','лдлєл╟лг?л║л╖?лєк╟ккк╣к╣кск╬═╪кмквкьк╨к╝к╥?кик╞кпк└к╡кдгбуцк╖кдлв?л╞лгл╣л╚кт?ч╩к╟к╣бг',26,'кяк┐кс','c1deb0b2616f92a4f81e76d539627d635deb604a209daa1914267a52f547cb4',null,to_date('24-10-31','RR-MM-DD'),null,30,3,0);
Insert into JPAT.POST (POST_IDX,POST_TYPE_IDX,TITLE,CONTENTS,USER_IDX,NICKNAME,PASSWORD,IMGURL,REGDATE,MODIFYDATE,VIEWCOUNT,LIKECOUNT,REPLYCOUNT) values (71,1,'╩лк╟кцк├к┐къ╬жк┤к╣к╚кнк╦?кнк┐кд═╪','╩лк╟лълщл├лпл╣к╖к╩кмкщ?к▒кыкцк├к┐кък╖к┐ьэ▄тк╬═╪кмквкьк╨?кик╞кпк└к╡кдгб',25,'клк╩к┐','b28cf7bdac442831174e063375f5083bb462069772722d9f5c538e6b7637932',null,to_date('24-10-31','RR-MM-DD'),null,13,4,0);
Insert into JPAT.POST (POST_IDX,POST_TYPE_IDX,TITLE,CONTENTS,USER_IDX,NICKNAME,PASSWORD,IMGURL,REGDATE,MODIFYDATE,VIEWCOUNT,LIKECOUNT,REPLYCOUNT) values (72,1,'ркьэк╬ёщк╟?кнк┐кдлилткдьэ▄тк╬═╪','рк█░к╬?клк╩у┴╩рк╦?кпк╚у¤к╦·┬кпкшкжк╩═╪кЄўок╖к╞кдк▐к╣бг╦╦к╡кєк╬ккк╣к╣кскЄ?кик╞кпк└к╡кдгб',24,'л╬лилы','9a5a56f18e22ea1c70ca91e6aba27d9af099d48a81f4b93eb243bea7aab66d96',null,to_date('24-10-31','RR-MM-DD'),null,32,5,0);
Insert into JPAT.POST (POST_IDX,POST_TYPE_IDX,TITLE,CONTENTS,USER_IDX,NICKNAME,PASSWORD,IMGURL,REGDATE,MODIFYDATE,VIEWCOUNT,LIKECOUNT,REPLYCOUNT) values (73,1,'ьэ▄тк╬л▌лил╚лъ?лъ?л╟лглєл░кфу╠ю▄к╩═╪к╧г┐','у╠к╬кшкжк╩╩░▐Єкмь╘▀┌ю▄к╩ьэ▄тк╬═╪кмквкьк╨?кик╞кпк└к╡кдбгфвкдхычикм?кскщкьк┐═╪кЄЄ▒кък┐кдк╟к╣бг',23,'л╒льлв','90148ef276244e8af1d287b63e3be4a07b7c7cbb1521b9718b6d12ab1c3f',null,to_date('24-10-31','RR-MM-DD'),null,16,5,0);
Insert into JPAT.POST (POST_IDX,POST_TYPE_IDX,TITLE,CONTENTS,USER_IDX,NICKNAME,PASSWORD,IMGURL,REGDATE,MODIFYDATE,VIEWCOUNT,LIKECOUNT,REPLYCOUNT) values (77,2,'щ╨╫ьк╬╩░','╙▐√┐кнк└кш',20,'л▀лк','9f56a7c3df7741c7614c576bb3689d5edbe787cef5db31b1f40a36fb3a21ffb',null,to_date('24-10-31','RR-MM-DD'),null,29,11,0);
Insert into JPAT.POST (POST_IDX,POST_TYPE_IDX,TITLE,CONTENTS,USER_IDX,NICKNAME,PASSWORD,IMGURL,REGDATE,MODIFYDATE,VIEWCOUNT,LIKECOUNT,REPLYCOUNT) values (75,1,'у┴╙█кЄї▒кик╞фёк╡кькыс╣√·╩░?к╬┘г═╪','кдк─к▐к╟кт?кн?к▒к┐кдс╣√·╩░?к╬┘г═╪кмквкьк╨?кик╞кпк└к╡кдгб?клк╖кд┘г═╪кЄ═ьъєк╖к▐к╖кчкжбг',21,'ккклкц','76a99de61e2f85b7bdafede9c46392ded5416c72d37d95fd71545dbf7070',null,to_date('24-10-31','RR-MM-DD'),null,18,2,0);
Insert into JPAT.POST (POST_IDX,POST_TYPE_IDX,TITLE,CONTENTS,USER_IDX,NICKNAME,PASSWORD,IMGURL,REGDATE,MODIFYDATE,VIEWCOUNT,LIKECOUNT,REPLYCOUNT) values (76,1,'лв?л╚к╩сж═г?кЄ╩як╕кыьэ▄тк╬ых?','?ўхк╩сж═г?кфлв?л╚рїкм═╘кд═╪кЄўок╖к╞кдк▐к╣бглплълилдл╞лгл╓к╩ьэ▄тк╬ых?к╟ккк╣к╣кскмквкьк╨?кик╞кпк└к╡кдгб',22,'к│кэк═','fffa7c189e519e75d8ae1fbb3bc7764c8d39da51f5293124c8ede68d16b59d',null,to_date('24-10-31','RR-MM-DD'),null,14,4,0);
Insert into JPAT.POST (POST_IDX,POST_TYPE_IDX,TITLE,CONTENTS,USER_IDX,NICKNAME,PASSWORD,IMGURL,REGDATE,MODIFYDATE,VIEWCOUNT,LIKECOUNT,REPLYCOUNT) values (78,2,'╬╣яг?¤╟к╬╩░','√┐кнк└кш',18,'л╣л╨лы','22f53f4e78454117f668ac554dbe14676873b0f7ca364e8f6056452cbed4e',null,to_date('24-10-31','RR-MM-DD'),null,23,0,0);
Insert into JPAT.POST (POST_IDX,POST_TYPE_IDX,TITLE,CONTENTS,USER_IDX,NICKNAME,PASSWORD,IMGURL,REGDATE,MODIFYDATE,VIEWCOUNT,LIKECOUNT,REPLYCOUNT) values (79,2,'у┴кЄклк▒кыс┤╥│к╬╙█°·ю▄к╩╩░','╩я╘╤ю▄к└к├к┐',17,'к┴кчк│','566923af326777c97547bd27cf8ff20d2d85cc5506c33bc9c726ba5b1d208e',null,to_date('24-10-31','RR-MM-DD'),null,35,2,0);
Insert into JPAT.POST (POST_IDX,POST_TYPE_IDX,TITLE,CONTENTS,USER_IDX,NICKNAME,PASSWORD,IMGURL,REGDATE,MODIFYDATE,VIEWCOUNT,LIKECOUNT,REPLYCOUNT) values (80,2,'YOASOBIк╬╩░к└кш','╙▐√┐кн',16,'квкфкс','c88290ab4720e377a2e0fb3cf021aeb829b03c34f2ab1de1db3df1aab8cec952',null,to_date('24-10-31','RR-MM-DD'),null,19,8,0);
Insert into JPAT.POST (POST_IDX,POST_TYPE_IDX,TITLE,CONTENTS,USER_IDX,NICKNAME,PASSWORD,IMGURL,REGDATE,MODIFYDATE,VIEWCOUNT,LIKECOUNT,REPLYCOUNT) values (81,2,'Aimerк╬╩░','√┐кнк└кш',15,'л╖лклє','1c768068c1db483cc556a6d2fbc0a681312863c642fa8d11455241b5df932',null,to_date('24-10-31','RR-MM-DD'),null,28,2,0);
Insert into JPAT.POST (POST_IDX,POST_TYPE_IDX,TITLE,CONTENTS,USER_IDX,NICKNAME,PASSWORD,IMGURL,REGDATE,MODIFYDATE,VIEWCOUNT,LIKECOUNT,REPLYCOUNT) values (82,2,'DISH//к╬TFKкткдкд','?к╦╒кк┴к┐',14,'к▐к─къ','d479fadf0c96735c15eb057f132f4c78619fdd69284f4bd41ebc9e367fe338',null,to_date('24-10-31','RR-MM-DD'),null,24,3,0);
Insert into JPAT.POST (POST_IDX,POST_TYPE_IDX,TITLE,CONTENTS,USER_IDX,NICKNAME,PASSWORD,IMGURL,REGDATE,MODIFYDATE,VIEWCOUNT,LIKECOUNT,REPLYCOUNT) values (83,2,'eillк╬╩░к└кш','╙▐√┐кн',null,'к│кэк═к╣кн','d4f380ca86f35c0c7943377e6e285479c12434de6288ba10c7ca1ac9ecd',null,to_date('24-10-31','RR-MM-DD'),null,24,6,0);
Insert into JPAT.POST (POST_IDX,POST_TYPE_IDX,TITLE,CONTENTS,USER_IDX,NICKNAME,PASSWORD,IMGURL,REGDATE,MODIFYDATE,VIEWCOUNT,LIKECOUNT,REPLYCOUNT) values (84,2,'Official?╤√dism - 115╪▓лнлэк╬л╒лглылр','╙▐√┐кнк╩═╪к╟к╣',2,'ё┤','285da275d9a82a3f64eeef8615785eff6373e2325a9a5fc9b983b16da577fb',null,to_date('24-10-31','RR-MM-DD'),null,120,14,2);
Insert into JPAT.POST (POST_IDX,POST_TYPE_IDX,TITLE,CONTENTS,USER_IDX,NICKNAME,PASSWORD,IMGURL,REGDATE,MODIFYDATE,VIEWCOUNT,LIKECOUNT,REPLYCOUNT) values (87,2,'tuki.к╬ї╠уц═╪к╟к╣','кфк╧къtuki.к└к╚▐╓кдк▐к╣',43,'test','15de9264f8dc5af3a46b87c459c6b74f9a3bb607dbd1db49b8e1af2a3abb4',null,to_date('24-11-04','RR-MM-DD'),to_date('24-11-04','RR-MM-DD'),7,0,0);
Insert into JPAT.POST (POST_IDX,POST_TYPE_IDX,TITLE,CONTENTS,USER_IDX,NICKNAME,PASSWORD,IMGURL,REGDATE,MODIFYDATE,VIEWCOUNT,LIKECOUNT,REPLYCOUNT) values (89,1,'not login user test','not login user contents',null,'not login user','1df0d09c27de107954bf4ddf92d78533b5e3f3f4f3eff01a5f157a74c26938','KakaoTalk_20241104_140918093_7381a48a-c634-426f-bf5a-b2562c3bbe18.jpg',to_date('24-11-04','RR-MM-DD'),null,2,0,0);
REM INSERTING into JPAT.POST_SUGGEST
SET DEFINE OFF;
Insert into JPAT.POST_SUGGEST (POST_TYPE_IDX,POST_IDX,YOUTUBE_URL,THUMNAIL,MUSIC,SINGER,LYRICS) values (2,1,'https://www.youtube.com/embed/oZpYEEcvu5I','https://img.youtube.com/vi/oZpYEEcvu5I/mqdefault.jpg','╪╣є╔╩░','TUKI.','╧╓кЄышклк╣клкщ к└клкщьщ?к╦к╧╦▄кьк╩кдк╩<br>╧╓кЄышклк╣клкщ Ё─кп╪╬кьк╞щ░к╖кдкєк└<br>ь╤╩рк└клкщк═ к┐к▐к╦к╧ъ▐кжктк╬кту▌к┘к┐кдк═<br>╧╓кЄышклк╣клкщ к╜кж╧╓кЄышклк╣клкщ<br>к╟кт┌л?к╩кдкєк└кшк═<br>?кдк┐кпк╩кєк└кшк═<br>╧╓ьдшт?кдк┐кпк╩кдкєк└кшк═<br>к╩кєк╞унтвк└к═<br>╙▐?фЄ╪▄к╩кєк└кшк═<br>фёк╬Ёэюд?┘ек╩кєк╞<br>╧╓км?кик╞кпкьк╩кдкл<br>∙╝фи№▐к╬хикЄ╬жк┤к╖к┐к├к╞╘Ёкщкьк╠кшкжк╩<br>фёк╖к╞кыкЄ?к┘к╞к▀к╞<br>∙╝фи№▐к╬хикЄ╬жк┤к╖к┐к├к╞╘Ёкщкьк╠кшкжк╩<br>ї╠═╘к╬л╒лыл│?л╣кЄЁв╙у<br>╧╓кЄышклк╣клкщ кнк├к╚ьщ▀цк╧┘э╫тк└кшк═<br>╧╓кЄышклк╣клкщ ¤╪кмк╚к╞ктў╘кпк╩кєк└<br>ь╤╩рк└клкщк═ к┐к▐к╦к╧▌┬клкъ∙ъкик╩кпк╩к├к╞<br>╧╓кЄышклк╣клкщ к▐к┐╧╓кЄышклк╣клкщ<br>к╟ктэ╗ускмк╩кдкєк└кшк═<br>?кякък┐кпк╩кдкєк└кшк═<br>╧╓ьдшт?кдк┐кпк╩кдкєк└кшк═<br>к╩кєк╞унтвк└к═<br>╙▐?фЄ╪▄к└к├к┐кшк═<br>фёк╬Ёэюд?┘ек╩кєк╞<br>╧╓кмк╜к│к╦╦▄кык╬к╦к═<br>∙╝█▌№▐к╬хикЄ╬жк┤к╖к┐к├к╞╘Ёкщкьк╠кшкжк╩<br>фёк╖к╞кыкЄ?к┘к╞к▀к╞<br>∙╝█▌№▐к╬хикЄ╬жк┤к╖к┐к├к╞╘Ёкщкьк╠кшкжк╩<br>ї╠═╘к╬л╒лыл│?л╣кЄЁв╙у<br>╫юкьк╩кдк╟ █ик╦╦▄к╞кпкьк┐к╬к╧<br>╠┐╧╤╧╓ьщь╤к└к├к┐кшк═<br>?к╬л╣л╤лдл╣к╧╧╓к╬¤╪к╦<br>?к├к╞к╖к▐кжк└кэкжк▒к╔<br>∙╝Ї╢№▐к╬хикЄ╬жк┤к╖к┐к├к╞╘Ёкщкьк╠кшкжк╩<br>фёк╖к╞кыкЄ?к┘кыклкщ<br>∙╝Ї╢№▐к╬хикЄ╬жк┤к╖к┐к├к╞╘Ёкщкьк╠кшкжк╩<br>ї╠═╘к╬л╒лыл│?л╣кЄ<br>∙╝╪▓№▐к╬хикЄ╬жк┤к╖к┐к├к╞╪╬кьк╠кшкжк╩<br>фёк╖к╞кыкЄ?к┘кыклкщ<br>∙╝╪▓№▐к╬хикЄ╬жк┤к╖к┐к├к╞╪╬кьк╠кшкжк╩<br>ї╠═╘к╬л╒лыл│?л╣кЄЁв╙у');
Insert into JPAT.POST_SUGGEST (POST_TYPE_IDX,POST_IDX,YOUTUBE_URL,THUMNAIL,MUSIC,SINGER,LYRICS) values (2,2,'https://www.youtube.com/embed/rpVvPAFaoqM','https://img.youtube.com/vi/rpVvPAFaoqM/mqdefault.jpg','л╡лплщлнл▀лял┐л╖','TUKI.','Ёпьгл▄л┐лєкЄк╧к║к╖к╩кмкщхыкж<br>б╕ї╠¤нк└клкщкдкдкшб╣к├к╞<br>ЁяхЎк╬ьэк╬?у°к╧к╔к│кл<br>ю╓к╖?к╩ф╘кЄк╖к╞кдкы<br>у┴═ккм?кн?кык╩кщ<br>╧■█░к╚ктк├к╚№ек╖к┐клк├к┐<br>┌ў▐└к╧кдкщк╩кдклкщк╡<br>ьгь╤к╬л╣л╚?лъ?квк▓к┴кукккжкш<br>?к╖к╞кдкыкєк└ л╡лплщлнл▀лял┐л╖<br>їЁк╦▀дкы?к└ кяклк├к╞кдк┐к╬к╦<br>?к╖к╞к╖к▐к├к┐к╬ ? ╧╓ фёк╖<br>ышкдк┴кук├к╞к┤кскєк═<br>?ў∙к╚л╬?л╚ л┌лєкмё╦кыых<br>л░лщлєл╔кЄ╠╕к─кск┐<br>█░яяу╥к╕ку∙╝кткяклкщк╩кд<br>╙═кикЄўок╖к╞к┐кєк└<br>╨склк╣кшкжк╦л┴лулдлркм┘░кы<br>к│к│к╦к╧кткж╦▄кщкьк╩кдк├к╞<br>у┴кмЄнк▐кък▐к╣кшкжк╦<br>ьгь╤к╬л╣л╚?лъ?кЄ┘╙╠╕к╞к┐<br>?к╖к╞кдкыкєк└ л╡лплщлнл▀лял┐л╖<br>їЁк╦▀дкы?к└ кяклк├к╞кдк┐к╬к╦<br>?к╖к╞к╖к▐к├к┐к╬ ? ╧╓ фёк╖<br>ышкдк┴кук├к╞к┤кскєк═<br>Є╔къ┌ўкыў╫кдк╩кьк┐╘│кт<br>?клк╖кпк╩к├к╞к╖к▐кжкєк└кэкж<br>╧╓к╬▐└кЄк╜кєк╩∙жк╦к╡<br>▐╓кдїєк╖к┐кпк╩кдк╬к╦к╩<br>?к╖к╞кдкыкєк└ л╡лплщлнл▀лял┐л╖<br>їЁк╦Ў╟кдк╞·╝кп ?їекмкьк┐ьэ?<br>ч╡ъ└к╦?кьк╩кд ? ╧╓ фёк╖<br>?кьк┴кукдк╜кжк└кш<br>?к╖к╞кдкыкєк└ л╡лплщлнл▀лял┐л╖<br>їЁк╦▀дкы?к└ кяклк├к╞кдк┐к╬к╦<br>?к╖к╞к╖к▐к├к┐к╬ ? ╧╓ фёк╖<br>ышкдк┴кук├к╞к┤кскєк═');
Insert into JPAT.POST_SUGGEST (POST_TYPE_IDX,POST_IDX,YOUTUBE_URL,THUMNAIL,MUSIC,SINGER,LYRICS) values (2,4,'https://www.youtube.com/embed/XdquKj6ucEI','https://img.youtube.com/vi/XdquKj6ucEI/mqdefault.jpg','л▀л║лнлъ','щ╨╫ь','?к╧к╔кєк╩к│к╚к╟к╡киктї▒кик╞кдк▒кык╚<br>▐╓кикыьэкм?кык└к╩кєк╞▐╓кяк╩кпк╞<br>ёмкєк╟кысж═гкмъ▐кжк╬клк╩<br>к╩кєк╞╧╓кЄъ└кп╩як╕к╞кдк┐<br>к└к▒к╔╨╤ ?кькы<br>ъ╫кьклк▒к┐№гк╦цЁкЄ?кик┐к╬<br>сж═гкм?кякык█к╔к╦ ╨Їюцк╬кшкжк╦<br>квк╩к┐к└к▒км╘┌к╦ч▒кык╬<br>ф╤кЄ°═к╕кьк╨█ик╦╦▄кык╬<br>юяк╞к╬▐└кЄї▒кик╞кдкпк┐кск╦<br>лжл╖лэлрлнк╧тйя╖кък╖кшкж<br>к╡кшк╩кщк╬¤н Є╔къ┌ўк├к╞╧╓кмс┼кж<br>кдк─к▐к╟к╜к│к╦╦▄кык╬к╩кєк╞▐╓кдк╩кмкщ<br>їє?кьк╨?кък┐кпк╧к╩кдк╩<br>к╩кєк╞╧╓кЄъ└кп╩як╕к╞кдк┐<br>твк╚твкм?кь∙ъкж<br>кткжьг╙°к╚т┴клк╬к│к╚<br>√┐кнк╦к╩кык╩кєк╞к╩кдк╚▐╓к├к╞к┐ ╩ръ▐кдк└к═<br>квк╩к┐к└к▒км╘┌к╦ч▒кык╬<br>ф╤кЄ°═к╕кьк╨█ик╦╦▄кык╬<br>юяк╞к╬▐└кЄї▒кик╞кдкпк┐кск╦<br>лжл╖лэлрлнк╧тйя╖кък╖кшкж<br>к╜кєк╩ф╤к╖к╩кдк╟ єнк╦?кжу┴к╬▌┬к▐к╟лнл╣к╖кшкж<br>?√укдктк╣кьъ▐кдк╟кт ь┌кн╓ок▒кфк╖к╩кдкш<br>квк╩к┐к└к▒км╘┌к╦ч▒кык╬<br>ф╤кЄ°═к╕кьк╨█ик╦╦▄кык╬<br>юяк╞к╬▐└кЄї▒кик╞кдкпк┐кск╦<br>лжл╖лэлрлнк╧тйя╖кък╖кшкж');
Insert into JPAT.POST_SUGGEST (POST_TYPE_IDX,POST_IDX,YOUTUBE_URL,THUMNAIL,MUSIC,SINGER,LYRICS) values (2,5,'https://www.youtube.com/embed/UM9XNpgrqVk','https://img.youtube.com/vi/UM9XNpgrqVk/mqdefault.jpg','╬╓?к╬№г°ж','VAUNDY','▐╓кдїєк╣к╬к╧╧╓к╬╩░<br>?№екшкъктр╪┘ек└<br>к╔к│к╦·╝к├к╞к╖к▐к├к┐к╬<br>кдк─ктўок╣кєк└кш<br>▐╓кдїєк╣к╬к╧╧╓к╬╩░<br>╩░кдс┼кжф╘кмр╪┘ек└<br>╧╓к╦▐─∙ъкжкєк└кш<br>к║к├к╚╠╕к╞кдк┐кдкш<br>к╟ктї╠¤нк╦╠╕к┐кдк╬к╧<br>кнк├к╚кткж╧╓к╬┘╙к╬ёщ<br>кткжьщ╙° к▐к┐┌дклк╗к╞кпкькш<br>┌дкнк┐кдкєк└<br>ктк├к╚?к▓╬╓?к╬╩░<br>к▐к└с╝кик╩кд ┘╙к╬╩░є▌кик╞<br>╧╓кмкдк─кт╩░кж╬╓?к╬╩░<br>к▐к└с╝кик╩кд ╧вк║к╡кєк╟к╖к▐кжкш<br>▐╓кдїєк╣к╬к╧ ╧╓кмкдк┐<br>лол┐?Єек├к╞кы ╧╓кмкдк┐<br>╪╬кькщкьк╩кдкєк└кш<br>к└клкщ▄╥км╩░кжкш<br>к╟ктї╠¤нк╦╠╕к┐кдк╬к╧<br>кнк├к╚кткж╧╓к╬┘╙к╬ёщ<br>кткжьщ╙° к▐к┐┌дклк╗к╞кпкькш<br>┌дкнк┐кдкєк└<br>ктк├к╚?к▓╬╓?к╬╩░<br>к▐к└с╝кик╩кд ┘╙к╬╩░є▌кик╞<br>╧╓кмкдк─кт╩░кж╬╓?к╬╩░<br>к▐к└с╝кик╩кд ╧вк║к╡кєк╟к╖к▐кжкш<br>╒кк┴к╞кп╬ж╦█к╧р╪┘ек╟<br>╠╕к╗к┐кд┌▒?к╧?смк╟<br>к╣кок╞кпьэ?к╦к╧╘я╩як╩╧╓к╪<br>╒кк┴к╞кп╬ж╦█к╧р╪┘ек╟<br>╠╕к╗к┐кд┌▒?к╧?смк╟<br>к╣кок╞кпьэ?к╦к╧╘я╩як╩╧╓к╪<br>к═кз ктк├к╚?к▓╬╓?к╬╩░<br>к▐к└с╝кик╩кд ┘╙к╬╩░є▌кик╞<br>╧╓кмкдк─кт╩░кж╬╓?к╬╩░<br>к▐к└с╝кик╩кд ╧вк║к╡кєк╟к╖к▐кжкш whoa<br>к═кз ▄╥кщ ╪∙кьк╩кдхик╦твкЄу▀к╨к╖к╞<br>╪∙кщк╩кдхикЄк▐к┐у▀к╨к╖к╞<br>╪∙кпк╩кдк▐к└к═<br>к╜кєк╩ьэ?к╟кдк┐кдк╬к╦к╩<br>єдкък║к╦ ╪∙кьк╩кдхик╦твкЄу▀к╨к╖к╞<br>╪∙кщк╩кдхикЄк▐к┐у▀к╨к╖к╞<br>╪∙кпк╩кдк▐к└к═<br>к╜кєк╩хик╦╩░кж ╬╓?к╬╩░<br>╒кк┴к╞кп╬ж╦█к╧р╪┘ек╟<br>╠╕к╗к┐кд┌▒?к╧?смк╟<br>к╣кок╞кпьэ?к╦к╧╘я╩як╩╧╓к╪<br>╒кк┴к╞кп╬ж╦█к╧р╪┘ек╟<br>╠╕к╗к┐кд┌▒?к╧?смк╟<br>к╣кок╞кпьэ?к╦к╧╘я╩як╩╧╓к╪');
Insert into JPAT.POST_SUGGEST (POST_TYPE_IDX,POST_IDX,YOUTUBE_URL,THUMNAIL,MUSIC,SINGER,LYRICS) values (2,9,'https://www.youtube.com/embed/T8y_RsF4TSw','https://img.youtube.com/vi/T8y_RsF4TSw/mqdefault.jpg','л╧л├л╘?лилєл╔','BACK NUMBER','к╡кшк╩кщкм¤кк╬?к╦ к─к├клкик╞к╖к▐к├к╞<br>·жкЄк╣кык▀к┐кдк╦квкъкмк╚кжк╞хык├к┐к╬<br>єнк╬хычик╧к╔к│клк╚ л▌л▒л├л╚кЄўок╖к╞кт<br>╠╕к─клкык╬к╧квк╩к┐кЄ√┐кнк╩▐чк└к▒<br>°┴?кш╙▐э█▄¤к└кшщ╨к╖кпк╩кьк┐к╚▐╓к├к╞<br>ъ├кдк╦?кяк├к╞ї╠¤нк╧?к╦к╩к├к╞<br>?кдк▐к▐═╜кьк╞кдкп<br>квк╩к┐кЄ√┐кнк╩к▐к▐к╟с╝кик╞кцкп<br>▐чк▀к┐кдк╚твк╦Ўвк├к╞<br>?к╦квк├к┐▀╠кдк╚ьщ?к╦ф─къ╧ўк╖к┐к╬<br>╙▐э█▄¤ ╙▐э█▄¤<br>╨╤к╣к░к╦°┘кнк╖кск╞<br>▐чкмкдкьк╨∙╝кткдкщк╩кдк╚<br>к╜кьк└к▒хык├к╞лнл╣кЄк╖к╞<br>к╩кєк╞к═ ?к└кш к┤кскєк═<br>к│кєк╩у┴▐╓кдїєк╣▐└к╕кук╩кдк╚к╧▐╓кжкєк└к▒к╔<br>г▒ь╤к╦к╖к╩кдкшк├к╞квкь?к╧¤Ёк╖клк├к┐кш<br>квк╩к┐кмщ╕?кЄїєк╖к╞Ї°кск╞я│№екЄкпкьк┐<br>квк╬хик╬▐чк╚∙╝кмъ▐кжкєк└кэкж<br>к╔кьк└к▒╫юкьк╞кдк╞ктк╔кєк╩к╦?кик╩кпк╞кт<br>?Єек┴км?кякщк╩кдклкщк│к│к╦кдкык╬к╦<br>?кдк▐к▐═╜кьк╞кцкп<br>квк╩к┐кЄ√┐кнк╩к▐к▐к╟с╝кик╞кцкп<br>▐чкЄк║к├к╚?кик╞кдк╞<br>к╩кєк╞к═ ?к└кш ък?к╟кдк╞к═<br>ышклк╩кд▐чк╦с┤к╖к█к├к╚к╖к┐ф╘к╬квк╩к┐<br>▀╙?кякщк║єх?к═ к╜к│кт╙▐√┐кнкш<br>?км▄їк▒к╨?к╦кдк╞<br>▄мк╦╧╓к╬к▐к▐к╟кдкдк╬к╦к╩кєк╞<br>унтвк╦?у╘кдк┐кпк╗к╦<br>╠╕кикыюя▌╗?к│кикыюяк╞<br>▀ф▄їк▒к┐кпк╗к╦<br>?кдк▐к▐═╜кьк╞кцкп<br>квк╩к┐кЄ√┐кнк╩к▐к▐к╟с╝кик╞кцкп<br>▐чк▀к┐кдк╚твк╦Ўвк├к╞<br>?к╦квк├к┐▀╠кдк╚ьщ?к╦ф─къ╧ўк╖к┐к╬<br>╙▐э█▄¤ ╙▐э█▄¤<br>╨╤к╣к░к╦°┘кнк╖кск╞<br>▐чкмкдкьк╨∙╝кткдкщк╩кдк╚<br>к╜кжхык├к╞кткж╫юк╡к╩кдк╟<br>к╩кєк╞к═ ?к└кш к╡кшк╩кщ');
Insert into JPAT.POST_SUGGEST (POST_TYPE_IDX,POST_IDX,YOUTUBE_URL,THUMNAIL,MUSIC,SINGER,LYRICS) values (2,10,'https://www.youtube.com/embed/O1bhZgkC4Gw','https://img.youtube.com/vi/O1bhZgkC4Gw/mqdefault.jpg','CRY BABY','OFFICIAL?╤√DISM','¤╪к░кщкЄ?к▐кьк╞ ?╓нк╩л╤лєл┴кЄу▌кщк├к╞кшкэк▒к╞<br>╠╖кЄ?к┘кжк║кпк▐к├к┐<br>х°▄├ў╫кък╬щык╦ккюёк╧к╦кфк▒к╞<br>б╕▀┐╧вкм╤╗╒Єк╦к╩кыб╣к╩кєк╞?кЄк─кп<br>кдк─кт╧в¤╜?к╡кикжк▐кпїє?к╩кдкпк╗к╖к╞<br>?кик╩кдщ╖╙╚хыкжк╩кш<br>квк▐кък╬к─к▐кщк╩к╡к╦┘═кмы╚кєк└<br>∙╝╙°кт?лвл╢к└кщк▒к╟?кЄ ╫╡к╖к╞ ╫╡к╖к╞<br>▄Їф╠я╥к╩у¤кЄ╠╖к╦чшк▒∙ъкдк╩кмкщ ▌пкъя╖к├к┐л╨л├л╔лилєл╔к╦∙ўкж<br>к╩к╝к└кэкж ¤ьк╙кшкъкту¤Євкшкдў╘к▀ к║к├к╖кък╚·┬кдк╞<br>ыбкьк┐▄╫к╦р▀Ўшк┴к╖к╩кмкщ Ё■кь▀╛кмк├к┐ф╘кЄ╠╕∙ък├к╞с┼кж<br>ў╧▐у╦╜кък╬хик╦ рек├к┐лъл┘лєл╕<br>¤╪к░кщкЄ?к▀┌ўк╖к╞ ┌у?к╬л╤лєл┴кЄЁ█къїєк╣кпкщкдк╕кук╩кнку<br>ккюёк╬╫Ўк╦к╧╪бк╞к╩кдклкщ<br>▀╙твкм∙╝к╟квкььэ√·кщк╩кд ∙╝╙°у▀к╡кьк╞ктЇЇкск╩кд<br>╪╬кькык╩╪╬кькык╩к╚хыкд┌дклк╗?к▒к┐к╬к╦<br>к╔кжк╖к╞<br>(кфкъЄ┴к╖к╞ к╖кпк╕к├к╞) к╔кжк╖к╞<br>(╙╬к▀╙юк╖к╞ ╠╖╒кк╚к╖к╞) к╔кжк╖к╞ к╔кжк╖к╞<br>квкб ▀бк╧кдкщк╩кдклкщхычикЄьщк─кпкьк╩кдкл<br>┌░?кдщ╨к╖к╡к╟к╧к╩кп<br>х░ыхк╦Ў╒к╡кьк┐¤╪к╬?кЄ╠╝кыкшкжк╩хычикЄ<br>∙╝╙°кт?лвл╢к└кщк▒к╟?кЄ ╫╡к╖к╞ ╫╡к╖к╞<br>▄Їф╠я╥к╩у¤кЄ╠╖к╦чшк▒∙ъкдк╩кмкщ ▌пкъя╖к├к┐л╨л├л╔лилєл╔к╦∙ўкж<br>к╩к╝к└кэкж ¤ьк╙кшкъкту¤Євкшкдў╘к▀ к║к├к╖кък╚·┬кдк╞<br>ыбкьк┐▄╫к╦р▀Ўшк┴к╖к╩кмкщ Ё■кь▀╛кмк├к┐ф╘кЄ╠╕∙ък├к╞с┼кж<br>ў╧▐у╦╜кък╬хик╦ сЎкякьк╬ьэ?к╦ ┘¤кдклк▒кыкшкжк╦<br>╬├к├к┐╘┌к╬ёщк╟ рек├к┐лъл┘лєл╕');
Insert into JPAT.POST_SUGGEST (POST_TYPE_IDX,POST_IDX,YOUTUBE_URL,THUMNAIL,MUSIC,SINGER,LYRICS) values (2,11,'https://www.youtube.com/embed/a51VH9BYzZA','https://img.youtube.com/vi/a51VH9BYzZA/mqdefault.jpg','STELLAR STELLAR','р°╩╢к╣кдк╗кд','к└к├к╞▄╥к╧р°к└клкщ<br>Stellar Stellar<br>кнк├к╚╧╓к╧кткж?к┼кдк╞кдк┐<br>▄╥к╬у¤к╬?к╟┘┌кдк┐<br>к╜кькм к│кьклкщ№ек╣ Єч▌пк╩лтл╬лэ?л░к╡<br>к║к├к╚хыкик╩кдхычикмквк├к┐<br>?к╗к╩кд█·кмквк├к┐кєк└ к║к├к╚к╡<br>к╒к├к╚·┼къ╪бк─Ё╚к╬?кдкм<br>к╔кжк╖кшкжктк╩кпёєкщк╖кпк╞<br>▌╗шйк╬щък╟ угкЄ°┘кик╞Єшкик╞кдк┐<br>ў╝х╒к╩кєк╞кдкщк╩кдклкщ<br>┘ек▒к╩кдк╟кдк╞<br>к╜к╬твкЄу▀к╨к╖к╞ т┴клк╦?кпкшкжк╦<br>▄╥к└к├к╞╧╓к╚╘╥к╕ ўх▄мк╩кєклк╕кук╩кдклкщ<br>к╜кжк╡ ▄╥к╧хикЄ╩░кжкш Stellar Stellar<br>квкък├к┐к▒к╬¤╩кнк╟<br>╨╤с▓ ых?к╧ к║к├к╚ к║к├к╚ Єнк▐к╩кд<br>к╜кжк└ ▄╥кмк║к├к╚к╩кък┐клк├к┐к╬к╧<br>╙тк├к╞кыл╖лєл╟льлщк╕кук╩кдк╡<br>ч╩кик╦·╝кпш▌эн?к└<br>к└к├к╞▄╥к╧р°к└клкщ<br>к╩кєк╞ квкък╒кьк┐№ек╩кєк└<br>╫т▀╠к└к▒▀Ўкн╓зк═к╞кдк┐<br>л╬?л╚к╬щък╦╪∙кы к█кєк╬лялєл╖?лєк└<br>кнк├к╚квк╬р°ктышкдк╞кыкєк└<br>┘еьэк╩кєк╞?к╩кдк▐к▐к╟кдк╞<br>к╜к╬твкЄу▀к╨к╖к╞ т┴клк╦?кпкшкжк╦<br>▄т?к╦╙▐я╖к╩ктк╬к╧<br>┘═к╦╠╕кик╩кдк▀к┐кдк╩кєк└<br>к╜кжк╡ ▄╥к╧хикЄ╩░кжкш Stellar Stellar<br>квкък╬к▐к▐═┼кик╩кдк╟<br>╨╤с▓ ых?к╧кнк├к╚кнк├к╚Єнк▐к╩кд<br>к╜кжк└ ▄╥кмк║к├к╚к╩кък┐клк├к┐к╬к╧<br>квкиклк╩л╥лэлдлєк╕кук╩кдк╡<br>╧нкдк╦·╝кпл╥?лэ?к└<br>┘╙╠╕кмк┴к╩ккк╚ко№е<br>ккк╚ко№е<br>к╜кжк╡ ▄╥к╧хикЄ╩░кжкш Stellar Stellar<br>квкък├к┐к▒к╬¤╩кнк╟<br>╨╤с▓ ых?к╧к║к├к╚к║к├к╚Єнк▐к╩кд<br>к╜кжк╡ ▄╥к╧фёкЄ╩░кжкш Stellar Stellar<br>сж═г щ╘ё╡к╬?кєёщк╟<br>╨╤с▓ ых?к╧кнк├к╚кнк├к╚Єнк▐к╩кд<br>к╜кжк└ ▄╥кмк║к├к╚к╩кък┐клк├к┐к╬к╧<br>╙тк├к╞кыл╖лєл╟льлщк╕кук╩кдк╡<br>ч╩кик╦·╝кпш▌эн?к└<br>к└к├к╞▄╥к╧р°к└клкщ<br>к╜кжк└▄╥к╧р°к└к├к┐<br>Stellar Stellar');
Insert into JPAT.POST_SUGGEST (POST_TYPE_IDX,POST_IDX,YOUTUBE_URL,THUMNAIL,MUSIC,SINGER,LYRICS) values (2,12,'https://www.youtube.com/embed/iqEr3P78fz8','https://img.youtube.com/vi/iqEr3P78fz8/mqdefault.jpg','тй°┴р╩','BACK NUMBER','їє?кык└к▒?к╧┘экдкшкжк╦<br>к╔кєк╩у┴ктщ╨к╖кпквкькыкшкжк╦<br>ь╤кмў╘к▀кЄ╩як╕к┐у┴к╦к╧<br>э╗▌┬к╬▐└к╬кшкжк╦▐╓кикыкшкжк╦<br>яск╖к╡кЄ ▄мк╬яск╖к╡к╟<br>уўкпк╣▌шк╖к▀к╦кт їє?кжк▒кьк╔<br>тй°┴р╩км╬├кыЁ╚к╦ квк╩к┐к╬¤ё╪╨км▌┌кь╒кк┴к╞<br>∙жк╦▐лк╨к╡кькы¤т°╕к╦ т┴клкм╤╗╒Єк╚?кдк╞кы<br>▌шк╖кд?к╟╩░кдк╩кмкщ кдк─к╖кл·нк╦╫╡кьє╖кдк╞ ╬├к├к╞<br>квк╩к┐к╧к╜кькЄ╠╕кык╟к╖кчкж<br>э╗▌┬к╬█╬ёщк╧ ╠╕кик╩кдк╬к└клкщ<br>Ў╗к║клк╖кмкщк║ь╤к╦ у№к═кык╚кдкд<br>у¤к╧т┴к╦кт╠╕кик╩кдк╬к└клкщ<br>╠╕кикыктк╬кшкъкт╙▐▐└к╦к╣кык╚кдкд<br>?ьэкмёьк╩кы▐└к╟<br>?кик╩кпк╩кыь╤ктїє?кык▒кьк╔<br>ўткнў╫кык█к╔╙┐кдхик╦ квк╩к┐к╬┘╙кмк╥к╚к─?к├к╞<br>??к╚┌╨твк╬ёщк╦ т┴клк╬▌ш┘░км?кьк╞кдкы<br>╥▒кикы╫тыжкЄўок╖к╩кмкщ кдкпк─кт╙═кикЄ°┘кик╩кмкщ ?кєк╟<br>квк╩к┐к╧э╗▌┬кЄЄ▒кык╟к╖кчкж<br>т┴к╬у¤к╦?кы▐└кт ┘═к╦?кн▄їкп▐└ктк╩кд╨╤ьэкт<br>?ыхк╚Ёыыхк╬?к╟ ▐чк╧к│к│к└к╚╨гкєк╟кдкы<br>тй°┴р╩км╬├кыЁ╚к╦ квк╩к┐к╬¤ё╪╨км▌┌кь╒кк┴к╞<br>∙жк╦▐лк╨к╡кькы¤т°╕к╦ т┴клкм╤╗╒Єк╚?кдк╞кы<br>▌шк╖кд?к╟╩░кдк╩кмкщ кдк─к╖кл·нк╦╫╡кьє╖кдк╞ ╬├к├к╞<br>квк╩к┐к╧к╜кькЄ╠╕кык╟к╖кчкж<br>квк╩к┐к╧к╜кькЄ╠╕кык╟к╖кчкж');
Insert into JPAT.POST_SUGGEST (POST_TYPE_IDX,POST_IDX,YOUTUBE_URL,THUMNAIL,MUSIC,SINGER,LYRICS) values (2,16,'https://www.youtube.com/embed/EZ5RGA2UULE','https://img.youtube.com/vi/EZ5RGA2UULE/mqdefault.jpg','SHUTTER','щ╨╫ь','╧╓к╚╠╕кык╧к║к└к├к┐№г√¤км<br>хик╬╨└╩ркЄ╪╪кск╞кп<br>╩я▀┐к╦к╥к┐к├к┴к▐кжклкщ<br>Twitterк╧°═к╕к┐<br>▌▄к╬▀╛к╦Ў╟кдк┐лллслщкт<br>╨╤╦х╫юкЄЎ╟кнк┐кдкпкщкд<br>▄╥к╧╨╤ьэюяк╞уўк├к╞<br>ьщьэёщышкдк╞кдк┐<br>▄т?к╬?Єек┴к╧<br>кфк├к╤къкяклкщк╩кдк▒к╔<br>╧╓к╬лвлыл╨лрк╦╦▄кы▄╥кЄюя▌╗<br>с╝к╖к┐кєк╟к╖кчкж<br>л╖лул├л┐?км╒кк┴кык▀к┐кдк╦<br>╧╓кЄя╖къЎвк├к╞?к╦╒кк┴к╞<br>у¤к╬лвлыл╨лрк╦юя▌╗<br>к╜к├к╚к┐кс?кєк╟к┐<br>к└клкщк╡ к└клкщк╡<br>▐┬їокт?кдкт?кик╞кдкы<br>л╖лул├л┐?кЄя╖кыу┴╩ркт<br>╧╓к╦?кьк╞кдкьк╨╒▐клк├к┐<br>юяк╞к╬у┴╩ркЄ╧╓к└к▒к╦▐┼кик╨кшклк├к┐<br>кк╠╜к▐кък╬л╟?л╚л│?л╣к╚<br>кк╠╜к▐кък╬фёк╬хычи<br>╠╕?кик╬╒▐кдктк╬к╨клкъкм<br>лдлєл╣л┐к╦?к├к┐<br>▌▄к╬▀╛к╦Ў╟кдк┐лллслщк╕ку<br>ч▒к╗к╩кдктк╬км<br>╧╓к╚▄╥к╬╩рк╦квк├к╞<br>к╜кьк╦?к┼к▒к╩клк├к┐<br>╨╤к╟кт?Єек┴к╧<br>кфк├к╤къкяклкщк╩кдк▒к╔<br>╧╓к╬лвлыл╨лрк╦╦▄кы▄╥к╧юя▌╗<br>кдкщк╩кдкєк╟к╖кчкж<br>л╖лул├л┐?км╒кк┴кык▀к┐кдк╦<br>╧╓кЄя╖къЎвк├к╞?к╦╒кк┴к╞<br>?к╖к┐кпк╩кпк╞┘э╤ёк╦<br>кнк├к╚кфкъ╬жк┤к╖к╞к┐<br>к└клкщк╡ к└клкщк╡<br>ч▒кък╬?кд▄╥к└к├к┐кэкж<br>л╖лул├л┐?кЄя╖кыу┴╩ркт<br>╧╓к╦?кьк╞кдкьк╨╒▐клк├к┐<br>юяк╞к╬у┴╩ркЄ╧╓к└к▒к╦▐┼кик╨кшклк├к┐<br>к╔кєк╩к╦╤╗╒Єк╟┌╕к╖кд?р┤к▀к┐кдк╩▐╓кдїєкт<br>к╜к│к╦▄╥км╦▄к╩кнку ╧╓км╦▄к╩кнку<br>∙╝к╬ыЄ┌лктк╩кдк╬к╦<br>л╖лул├л┐?км╒кк┴кык▀к┐кдк╦<br>╧╓кЄя╖къЎвк├к╞?к╦╒кк┴к╞<br>?к╖к┐кпк╩кпк╞┘э╤ёк╦<br>кнк├к╚кфкъ╬жк┤к╖к╞к┐<br>к└клкщк╡ к└клкщк╡<br>ч▒кък╬?кд▄╥к└к├к┐кэкж<br>л╖лул├л┐?кЄя╖кыу┴╩ркт<br>╧╓к╦?кьк╞кдкьк╨╒▐клк├к┐<br>л╖лул├л┐?км╒кк┴кык▀к┐кдк╦<br>╧╓кЄя╖къЎвк├к╞?к╦╒кк┴к╞<br>у¤к╬лвлыл╨лрк╦юя▌╗<br>к╜к├к╚к┐кс?кєк╟к┐<br>к└клкщк╡ к└клкщк╡<br>▐┬їокт?кдкт?кик╞кдкы<br>л╖лул├л┐?кЄя╖кыу┴╩ркт<br>╧╓к╦?кьк╞кдкьк╨╒▐клк├к┐<br>юяк╞к╬у┴╩ркЄ╧╓к└к▒к╦▐┼кик╨кшклк├к┐');
Insert into JPAT.POST_SUGGEST (POST_TYPE_IDX,POST_IDX,YOUTUBE_URL,THUMNAIL,MUSIC,SINGER,LYRICS) values (2,17,'https://www.youtube.com/embed/kzZ6KXDM1RI','https://img.youtube.com/vi/kzZ6KXDM1RI/mqdefault.jpg','л╔лщлдл╒лщля?','щ╨╫ь','╥¤▌┬ ▐чк╕кук╩кпк╞кдкдк═<br>х∙ыок╬к╩кдьгь╤к└к├к┐к╖<br>?▄їк▒к╨¤╜?к╨к├клкък╖к╞к╡<br>к┤кскєк═<br>к║к├к╚№ек╜кжк╚▐╓к├к╞к┐<br>кнк├к╚▐чк┐к┴∙ъкяк╩кдк═<br>ьгь╤кнкък╖клкдк╩кд▌╗шйк╟к╡<br>╧■█░к╨клкъ№ек╖к╞кдк┐кшк═<br>ктк╖кдк─кл∙╝?клк╟?кик┐кщ<br>╨╤ьэк╬▐└кЄс┼к├к╞кпкькыклк╩<br>╫тыжктк┴кукєк╚№ек╗к╩кдк▒кьк╔<br>╧■█░км╪∙к├к┐¤нк╦ышкпк╬к╧·ю<br>?ктф╘кт▄Ї╨ящ─к╩к╚к│кт<br>юя▌╗юя▌╗ ·юкдк╕кук╩кдк╬<br>л╔лщлдл╒лщля?к▀к┐кд<br>╧╓к╚к╬ьэ?кткнк├к╚кнк├к╚кнк├к╚кнк├к╚<br>▀фў█к╗кы<br>╥¤▌┬ ╧╓к╕кук╩кпк╞кшклк├к┐<br>кткжышклк╡кькык│к╚ктк╩кдк╖<br>б╕▐чк╨клкъб╣к╩кєк╞хычикт<br>к╩кпк╩к├к┐<br>квкєк╩к╦▌шк╖кд▄мкьк╟кт<br>у┴╩ркмк┐к╞к╨╪╬кьк╞кп<br>уцк╖кдь╤к╚?к╓╧╓к╧<br>к┴кукєк╚кжк▐кпкфкьк╞кдкык╬клк╩<br>кткжф╘кт╠╕к┐кпк╩кдклкщк╡<br>?к╦╓з╒йк╖к╞к│к╩кдк╟к█к╖кд<br>╘┤∙ъкмкдкдк╬к╧?кяк├к╞к╩кдкєк└к═<br>к╟кт┘эу╩к╟кнк║к╦к▐к┐с┤к╖┌ў▐└<br>?ктф╘кт▄Ї╨ящ─к╩к╚к│кт<br>╥¤▌┬╨╤кт ·юкдк╕кук╩кдк╬<br>л╔лщлдл╒лщля?к▀к┐кп<br>у┴╩ркм?к╞к╨<br>кнк├к╚кнк├к╚кнк├к╚кнк├к╚▀фў█к╗кы<br>ъ┼?кък╦╪к┌ккм?кькы<br>кнк├к╚▐чктк╔кжклк╖к╞кы<br>ф▐фск╦▀фєЇкм▌йклк╓<br>юх?╒└▀фкм¤╪к╬?<br>к║к├к╚╧■█░к╬┘гюёкЄ√╝к╓<br>√┐кнк╚кдкж?Єек┴<br>к▐к┐·┼кы<br>?ктф╘кт▄Ї╨ящ─к╩к╚к│кт<br>юя▌╗юя▌╗ ╙▐·юкдк└кш<br>к▐к└═╜кьк╩кд№гкЄ<br>╧╓к╦Ї╒кик╞к╡<br>к║к├к╚к║к├к╚к║к├к╚к║к├к╚<br>°┘кик╞кш ah, ah');
Insert into JPAT.POST_SUGGEST (POST_TYPE_IDX,POST_IDX,YOUTUBE_URL,THUMNAIL,MUSIC,SINGER,LYRICS) values (2,21,'https://www.youtube.com/embed/Q5JytNgQzqk','https://img.youtube.com/vi/Q5JytNgQzqk/mqdefault.jpg','фёк╚кл?к╚кл','NOVELBRIGHT','ъ┼ш°ьэк╬Ё╚ щ╪ъжк╩?Єек┴кт ╧╓к╚?кжьэкЄ▐╓кд▌йклк┘кьк╨<br>кдк─ктк╬╘│к╦щ╨к╖кд∙жкмЎгкн у¤?к▐к╗╨╤ьэкму╖к▐кыкш<br>рок╧?клк╩клк├к┐квк╬╩░кф ч▒?кф·┼тйк╬?кдк╟к╡кикт<br>╧╓км√┐кнк╩ктк╬к├к╞к└к▒к╟к╡ к╔кжк╖к╞▄╥кт√┐кнк╩кєк└кэкж<br>к│кєк╩к╦кт<br>фёк╚кл?к╚клк╬хычик╟°╕▄їк▒кщкьк╩кдкпкщкдк╬<br>б║фёк╖к╞кыб╗кмьюкьїєк╖к╞ Єнк▐кщк╩кд▀╠кд<br>╧╓кт╘╥к╕клк╩ ?кикшкж┘═кЄ╠╕к╞ ╨╤к╣к░ё╦к├к┐<br>╫юкьк╩кдкшкжк╦ ╫юк╡к╩кдклкщ °┘кнк╖кск┐кдкшк║к├к╚<br>?кик╩кду┴к╧▐╓кдїєкЄкскпк├к╞ ╨╬кпк╦╧╓кЄ╩як╕к╞?к▐к╡кь<br>¤═?к╦ч▒кы╧╓клкщк╬ў╫Є▒кЄ ╦╥кпу┴╩рк╦с┼ф╘к╦к╩кькыкш<br>▄╥к╬ш╙к╟╧╓км╪∙кыхикт ┘╙к╟кткдк─к╟кт╧╓к╚╬жк┤к╖к╞к┐<br>┘═км?кск╞кт┘╙к╧секск╩кдк▐к▐ у¤км╧╓к╟?к┴к╞кдкп<br>к│кєк╩к╦кт<br>фёк╚кл?к╚клк╬хычик╟°╕▄їк▒кщкьк╩кдкпкщкдк╬<br>б╕фёк╖к╞кыб╣кмьюкьїєк╖к╞ Єнк▐кщк╩кд▀╠кд<br>с·кък┐кд┘еьэкт к│к╬р╗█╛кькы┌▒?кЄюя▌╗<br>чшк▒к╞к█к╖кд ╧╓ьдштк╧кткжЎтк╦к╧∙╝кткдкщк╩кд<br>б╕к╩кєк╚ктк╩кдкшб╣б╕╙▐э█▄¤к└кшб╣<br>ьюк╣╧в█■ ▄╥к╧?к┼кдк╞кыкш<br>х░кпк╞кткдкд ышкдк╞кткдкдкєк└кш<br>▄╥к╬юёк╟?кмкщк╩кдк╟<br>фёк╖к┐╫тыжк╧к╡<br>квкъкнк┐кък╩к╬клктк╖кьк╩кдк▒к╔<br>╧╓ьдштк╦к╧═┼кикщкьк╩кд<br>фёк╚кл?к╚клк╬хычик╟°╕▄їк▒кщкьк╩кдкпкщкдк╬<br>б║фёк╖к╞кыб╗кмьюкьїєк╖к╞ Єнк▐кщк╩кд▀╠кд<br>╧╓кт╘╥к╕клк╩ ?кикшкж┘═кЄ╠╕к╞ ╨╤к╣к░ё╦к├к┐<br>╫юкьк╩кдкшкжк╦ ╫юк╡к╩кдклкщ °┘кнк╖кск┐кдкшк║к├к╚');
Insert into JPAT.POST_SUGGEST (POST_TYPE_IDX,POST_IDX,YOUTUBE_URL,THUMNAIL,MUSIC,SINGER,LYRICS) values (2,24,'https://www.youtube.com/embed/M6gcoDN9jBc','https://img.youtube.com/vi/M6gcoDN9jBc/mqdefault.jpg','ц╜┘╙','KING GNU','квк╩к┐км╪╨крк╩кщ<br>к│к╬¤╪кЄ▐╥ў╫к╖к╞<br>?кък╬┘экд▄╥кткдк─кл<br>∙╝э║клк╦рўкьк┐к╩кщ<br>?ктк╩кп<br>?кмьюкьк╜кжк╩<br>хикЄ╪╪кс?кпк╣<br>¤╩кп┘╙к╚рўкы<br>█▄кду╙к╧?кък╩кп<br>╘╧к╬∙╬к╡к╦щ┴к▒к╞с╝кик┐<br>квк╬ьэк╬ёьк═к┐твк╚твк╬<br>х∙цЁк╕куквк▐кък╦?кък╩кдк╬<br>їЁк╧кдк─к└к├к╞<br>?к┐къюёк╬?к╦<br>ч╩кик╦?кык╚<br>к╜кж▐╓к├к╞кдк┐квк╬╠ё<br>╠б°═к╕кьк╨<br>┘╙к╧кдк─к└к├к╞<br>яс┘╙к└к╚уск╕к╞к┐квк╬╠ё<br>квк╩к┐км╪╨крк╩кщ<br>∙╝??кт▐лк┘кыклкщ<br>ыЄ?Євк╬┘экд▄╥кткдк─кл<br>▀цкнкыыЄ┌лкЄ╠╕к─к▒к┐к╩кщ<br>фёк╚ёєкЄ<br>?к╚?ко∙ъкяк╗к╞<br>ьщ▀цфєсекск╩кдяяк╬<br>№╪кєк└┘╙к╚рўкы<br>╘╨кикыхи═ЎкЄ<br>ьгь╤к╟?к▒їєк╣к╬<br>квк┐к┐клкдл│?л╚кЄ<br>к╜к├к╚╬╨к▒к┐к╩кщ<br>квк╩к┐к╧кдк─к└к├к╞<br>?к┐къюёк╬?к╦╫Ўк╦кдкык╚<br>к╜кж▐╓к├к╞кдк┐квк╬╠ё<br>уўкпк╗кфк╖к╩кд<br>╤└хук╬щыкм═п▀┐к╪к╚<br>у■к▀╘дкэкжк╚кт<br>квк╩к┐км╪╨крк╩кщ<br>к│к╬¤╪кЄ▐╥ў╫к╖к╞<br>?кък╬┘экд▄╥кткдк─кл<br>∙╝э║клк╦рўкьк┐к╩кщ<br>?ктк╩кп<br>?кмьюкьк╜кжк╩<br>хикЄ╪╪кс?кпк╣<br>¤╩кп┘╙к╚рўкы<br>╤└хук╬·нкЄ?к├к╞<br>фёк╬¤т°╕кЄужк├к╞<br>квк╩к┐к╬ёщк╦к║к├к╚<br>·▀к╖кдсж═гкЄк╜к├к╚ oh yeah<br>к│к╬фёкм╓╟киё▒кдк╬кшкжк╦<br>к╕кєкякък╚к╕кєкякък╚<br>к│к╬ує?у┌кєк└к╚к╖к╞кт<br>у¤к╬?ю╝клкщ<br>квк╩к┐кмьюкьїєк╖к╞<br>╧┤кс∙ък├к╞ёьк╩къ∙ъкж<br>к╜к╬р╗к╟▄╥кщ┘╙к╚рўкь<br>квк╩к┐км╪╨крк╩кщ<br>к│к╬¤╪кЄ▐╥ў╫к╖к╞<br>?кък╬┘экд▄╥кткдк─кл<br>∙╝э║клк╦рўкьк┐к╩кщ<br>?ктк╩кп<br>?кмьюкьк╜кжк╩<br>хикЄ╪╪кс?кпк╣<br>¤╩кп┘╙к╚рўкы<br>яс┘╙к╟кт ц╜┘╙к└к╚к╖к╞кт');
Insert into JPAT.POST_SUGGEST (POST_TYPE_IDX,POST_IDX,YOUTUBE_URL,THUMNAIL,MUSIC,SINGER,LYRICS) values (2,25,'https://www.youtube.com/embed/TQ8WlA2GXbk','https://img.youtube.com/vi/TQ8WlA2GXbk/mqdefault.jpg','PRETENDER','OFFICIAL?╤√DISM','╧╓к╚к╬лщл╓л╣л╚?лъ?<br>к╜кьк╧х°▀╠ў╫къ<br>кдк╢у╖к▐кьк╨к╥к╚къЄ╣╦▄к└<br>к║к├к╚к╜к╨к╦кдк┐к├к╞<br>╠┐╧╤к┐к└к╬?╦╘к└<br>╩яя╫к╬к╩кдлвлдлрл╜?лъ?<br>к╜кьк╧кдк─ктў╫къ<br>╬▒кьк╞к╖к▐кик╨?кпк╧к╩кдк▒к╔<br>╧╓к╚к╬лэл▐лєл╣к╧ь╤▀ц▄╖<br>?кнк╧к╖к╩кдк│к╚кЄЄ▒к├к┐<br>ктк├к╚ъ▐кжртя╥к╟<br>ктк├к╚ъ▐кж?╠їк╟<br>їє?кикысж═гр╩<br>р╘к┘к┐кщкшклк├к┐<br>ктк├к╚ъ▐кжрї╠лк╟<br>ктк├к╚ъ▐кж?Ў╖?к╟<br>фёкЄ?кикщкьк┐кщкдкдк╩<br>к╜кжъ├к├к╞кт┘э?к└клкщ<br>л░л├л╨лд<br>╧╓к╬ъб┘дк╬л╥л╚к╧▄╥к╕кук╩кд<br>уЇкдк▒к╔▄·кск╩кд<br>к╟кт╫юкь╤ёкдк╬к╡<br>к╜к╬?к╦?кьк┐к└к▒к╟<br>ў╘кдкф кдкфк╟кт<br>╩Ўкдк╩ кдкфкдкф<br>л░л├л╨лд<br>к╜кьк╕ку▄╥к╦к╚к├к╞╧╓к╧∙╝г┐<br>╙═кик╧▌┬клкщк╩кд<br>▌┬клкък┐кпктк╩кдк╬к╡<br>к┐к├к┐к╥к╚к─№мклк╩к│к╚кмквкык╚к╣кык╬к╩кщк╨<br>╧╓к╧╤╗╒Єк└<br>т┴клкмъ╔к╜кжк╦<br>х▐кы?фёк╬╓х╫т<br>∙╝к╥к╚к─к╚к╖к╞л╘лєк╚к│к╩кпк╞<br>▐л·╝╤жк╬єыклкщ╠╕∙╗кэк╖к┐<br>Є▒кщк╩кд╩╢к╬хи╠╪к▀к┐кдк└<br>ктк├к╚ъ▐кжртя╥к╟<br>ктк├к╚ъ▐кж?╠їк╟<br>їє?кикысж═гр╩<br>р╘к┘к┐кщкшклк├к┐<br>кдк┐к├к╞тэк╩у¤к╟<br>?к├к┐?кЄ°┘кнк╖кск╞<br>√┐кнк└к╚кл┘эЇбьЄк╦хыкик┐кщкдкдк╩<br>к╜кжъ├к├к╞кт?к╖кдк╬к╡<br>л░л├л╨лд<br>?кдк└твк╬·╛к│кжк╦лилєл╔лщлдлє<br>ь┌кну▀к╨к╣к┐к╙к╦<br>╘┘кнк└к╣┌▒?к╦к╧<br>╧╓к╧кдк╩кд<br>к╜к╬▐└?к╦ Cry<br>к╜къку═╚к╖кдкшк╩<br>л░л├л╨лд<br>╧╓к╬ъб┘дк╬л╥л╚к╧▄╥к╕кук╩кд<br>уЇкдк▒к╔▄·кск╩кд<br>к╟кт╫юкь╤ёкдк╬к╡<br>к╜к╬?к╦?кьк┐к└к▒к╟<br>ў╘кдкф кдкфк╟кт<br>╩Ўкдк╩ кдкфкдкф<br>л░л├л╨лд<br>к╜кьк╕ку▄╥к╦к╚к├к╞╧╓к╧∙╝г┐<br>╙═кик╧▌┬клкщк╩кд<br>▌┬клкък┐кпктк╩кдк╬к╡<br>к┐к├к┐к╥к╚к─№мклк╩к│к╚кмквкык╚к╣кык╬к╩кщк╨<br>╧╓к╧╤╗╒Єк└<br>к╜кьктк│кьктлэл▐лєл╣к╬я╥кск╩кщ<br>?кпк╩кдкшк╩<br>ч╡ъ└ктх│с╓ктк╩кдк▒кьк╔<br>к╚к╞кт╤╗╒Єк└');
Insert into JPAT.POST_SUGGEST (POST_TYPE_IDX,POST_IDX,YOUTUBE_URL,THUMNAIL,MUSIC,SINGER,LYRICS) values (2,28,'https://www.youtube.com/embed/mnta9Pp2LqA','https://img.youtube.com/vi/mnta9Pp2LqA/mqdefault.jpg','лщл╓льл┐?','YOASOBI','Ї°кск▐к╖к╞╙▐√┐кнк╩ых?к╪<br>к║к├к╚═┼кик╞к┐к│к╚<br>к╔кжкл┌дкдк╞к█к╖кпк├к╞<br>(?кик┐кдк│к╚кмквкыкєк╟к╣)<br>к┴кчк├к╚Ё╬кьЎлкдк▒кьк╔<br>к║к├к╚▀╠к├к╞кдк┐к│к╚<br>к│кєк╩кктвЄ╡к╦?кск╞<br>(?кдк╞кпкьк▐к╣кшкжк╦)<br><br>к╔кєк╩у┴ктквк╩к┐к╬<br>хычи ?кЄ?кдк╞кдкык└к▒к╟<br>╒Їкмщ└кдк╞кпкыкєк└<br><br>к═ки<br>с┼к├к╞кдк┐кдкшк╔кєк╩у┴кт<br>к╟ктуЇкдф▐кдў╘кдьэктквкы<br>к▒к╔к═<br>квк╩к┐к╦?кькык└к▒к╟?▄їк▒к╨<br>к│к╬сж═гкм▀фр╪кфклк╦к╩кы<br>№гкм?кпкшкжк╦<br>с┼к├к╞ышкдк╞к╔кєк╩у┴к└к├к╞<br>р╘кєк╟кдкдкєк└кдк─к╟ктэ╗ыжк╦<br>╨╤ьэк╧к╔кєк╩квк╩к┐к╦їє?кикыклк╩<br>к│к╬сж═гкмЁ√кякык╜к╬ьэк▐к╟<br>┘░къ?к▒к╞кдк╞ ah-ah<br><br>кдк─ктквк╩к┐к╬к│к╚кЄ╧┤кск┴кукжкєк└<br>(щ╔къїєк╖к┐кпк╩кыу┴кт)<br>(°я?к╖к┴кукдк╜кжк╩у┴кт)<br>╧нкякьк┐кєк└Єикикщкьк╞кнк┐кєк└<br>(у¤км╘╤клк╡кькыкєк╟к╣)<br>(у¤км?к┐к╡кьк╞кдкпкєк╟к╣)<br>к═киктк├к╚?кьк╞кдк┐кдкш<br>к║к├к╚к╜к╨к╦кдк╞к█к╖кдкш<br>кдк─к▐к╟кт<br>╙▐√┐кнк╩квк╩к┐км<br>·┬кдк╞кдк▐к╣кшкжк╦<br><br>к│кєк╩к┐кпк╡кєк╬?Єек┴<br>кокхк├к╚¤■кс?кєк└▀╠кд<br>к┴кукєк╚?кикщкьк┐клк╩ ah, mm<br>к┴кчк├к╚к└к▒▄Їф╠к└к▒к╔<br>кнк├к╚?кдк╞кпкьк┐кшк═<br>юя▌╗▐чк╬с╚Є┴к╩хычик└клкщ<br>ктк╖ктквк╩к┐к╦їє?кик╞к╩клк├к┐кщк╩кєк╞<br>▐╓кжк└к▒к╟°╫кдк█к╔╙▐√┐кнк╩кєк└<br><br>сЇк▒Ўвк├к╞к╔кжкл▐чк╬▀╠кдкЄ<br>к╡кв<br>с┼к├к╞ышкдк╞к╜кєк╩?ьэкЄ<br>?кдк╞кдкпкєк└кдк─кткдк─к▐к╟кт<br>уЇкдф▐кдў╘кдк│к╚кт?▀гквкык▒к╔<br>к│к╬сж═гк╧кдк─к╟ктк╔к│к╟ктых?к╟ьюкьк╞кы<br>┘═к╬юёк╬к│к╚кт??к╬к│к╚кт<br>▄Їф╠к╦к╩к├к╞к╔кжк╖к┐кщкдкдк╬<br>▌┬клкєк╩кпк├к╞┌╗кжк│к╚ктквкык▒к╔<br>к╜кєк╩у┴кткнк├к╚квк╩к┐кмкдк╞кпкькьк╨<br>юёкЄ·╛к▒кыкєк└<br><br>к│кєк╩?Єек┴к╦к╩кык╬к╧<br>к│кєк╩▀╠кдкмк╟кнкык╬к╧<br>кнк├к╚ых?к└к▒к╩кєк└<br>(?кякък╩кєк╞ьщк─ктк╩кдкєк╟к╣)<br>к╔кжкл1000╥┤р╗кт<br>к╔кжкл┘░къЄнк▐к╩кдк╟<br>Ah кдк─кт▄т?к╦квкъкмк╚кж');
Insert into JPAT.POST_SUGGEST (POST_TYPE_IDX,POST_IDX,YOUTUBE_URL,THUMNAIL,MUSIC,SINGER,LYRICS) values (2,61,'https://www.youtube.com/embed/0xSiBpUdW4E','https://img.youtube.com/vi/0xSiBpUdW4E/mqdefault.jpg','л▐лъл┤?лыл╔','квкдк▀кчкє','∙жк╬?к╡кмк┴кчк├к╚<br>у¤кЄ?к╡к╓кък╣кок╞<br>?╪№┘═к╦╠╕к─кск┐ ╧╓км?к╖кд<br>к╟кєк░къ┌ўк╖к╬ьэ?<br>╩жфю▀╠к╩к╒къкЄк╖к╞<br>к└кщк▒к╞к▀к┐к▒к╔<br>¤ё╪╨к╬╬├к╧<br>┘═к╬юёк╟к║к├к╚¤╩кдк╞кдкы ·╣к╗к└<br>?кякщк╬┘╢энк╬╧╓км<br>?кьк┐л▐лъ?л┤?лыл╔к╦▐─к╞кы<br>квкьк╧ ═Ўкмк▐к└?кд∙╛к╬к│к╚<br>?клк╖кдк╚с┼кик┐квк╬ьэк╬?<br>б╕кткж╫юкьк╩кдк╟б╣к╚<br>ышкнк╜кжк╩┘═к╟╠╕к─кскы╧╓кЄ<br>ъгк╬кшкжк╩щ╨к╖к╡к╟к╜к├к╚кокхк├к╚<br>°┘кнк╖кск╞ °┘кнк╖кск╞ ╫юк╡к╩кд<br>▄т?к╬?Єек┴юя▌╗<br>ў╬кнїєк╗кык█к╔?кпк╧к╩кд<br>к╟кт▄Ї▐╓ьбк╩кпкщкдк╦<br>я╛╪╨к╧╠╕кик╩кд<br>┘═к╬?к╦к║к├к╚?кыл╖лылил├л╚<br>╙▐√┐кнк╡<br>ъїкщклк╩╤┐кЄ╨Ўк╗квкд<br>с┤к╖╒╥к┐кд═Ў?кЄ2ь╤<br>клк▀к╖кск╞?кп ╨╤ьэк╚кдкжьэк╦ ∙╝к╚<br>┘гюёкЄк─к▒кшкжклк╩кєк╞№ек╖к╞<br>квкв лвлдлщл╓лц?к╬хычик╕ку<br>Ёыкък╩кдклкщк╚лнл╣к╖к╞<br>ъгкмк▐к└2ь╤к╬чпкЄ?к╣клкщ<br>кдк─к▐к╟кт кдк─к▐к╟кт к│к╬к▐к▐<br>?клъ└кдэ▐с╢к╦кдк╞кт<br>?кмк├к╞кдк┐кдк╩кв<br>2ь╤к╬▀╠кдкм ╘╥к╕к╟квкък▐к╣кшкжк╦<br>?кякщк╬┘╢энк╬╧╓км<br>?кьк┐л▐лъ?л┤?лыл╔к╦▐─к╞кы<br>квкьк╧═Ўкмк▐к└?кд∙╛к╬к│к╚<br>?клк╖кдк╚с┼кик┐квк╬ьэк╬?<br>б╕кткж╫юкьк╩кдк╟б╣к╚<br>ышкнк╜кжк╩┘═к╟╠╕к─кскы╧╓кЄ<br>ъгк╬кшкжк╩щ╨к╖к╡к╟ к╜к├к╚кокхк├к╚<br>°┘кнк╖кск╞ ╫юк╡к╩кд<br>квкв лвлдлщл╓лц?к╬хычик╕ку<br>Ёыкък╩кдклкщк╚лнл╣к╖к╞<br>ъгкмк▐к└2ь╤к╬чпкЄ?к╣клкщ<br>кдк─к▐к╟кт кдк─к▐к╟кт к│к╬к▐к▐<br>╫юк╡к╩кд<br>квкв кдк─к▐к╟кт кдк─к▐к╟кт ╫юк╡к╩кд');
Insert into JPAT.POST_SUGGEST (POST_TYPE_IDX,POST_IDX,YOUTUBE_URL,THUMNAIL,MUSIC,SINGER,LYRICS) values (2,62,'https://www.youtube.com/embed/agQ23NdBROY','https://img.youtube.com/vi/agQ23NdBROY/mqdefault.jpg','кдк─кл','SAUCY DOG','ў°╘│кЄ╘Їк├к┐р╗к╬ф▐кмкъ р°км╤╗╒Єк╦╠╕кикык├к╞к╡<br>Євк┘к┐к╦??кєк╕кукжквк┐къ квкб╧╓кщк╖кдк╩к├к╞▐╓к├к┐къ<br>у┴╩ркЄ╪╬кьк╞┘╙ёщк╦к╩к├к┐ юхус?к╧я├╪■к╖к╞кдкы<br>╤┐∙╬кпк╩къу╖кск┐╠∙я╜к╦ ▄╥кщк╧Ї°кск╞твкЄ?кдк└ 2ь╤к╬┌кх▐<br>2ь╤к╟к╥к╚к─к╬▀бкЄємк╖к┐къ л╓лщлєл│к╦?кър°кЄЁ╥кск┐къ<br>фук╖л▄л┐лєу╥к╬ус?╤жкЄ кдк─кт╧╓кмё╦к├к╞фук╣кпк└къ<br>фц·╛к▒к╦к╩к├к╞╠╕к┐√╔ ё╡к╦▌йкдк╞кык▀к┐кдк├к╞к╡<br>к╧к╖кукдк╟кы╧╓к╚к╜к╬?к╟к╡ ктк├к╚к╧к╖кук░▄╥к╩кщ<br>▄т?к╦▐лк┘кыкшкжк╩ ?кмк╖к╞кдк┐<br>л╒лял╒ляк╚┘╙у¤Єв ╧╓к╬╫Ў<br>╧╓к╬╠╕кы╠╪▀фкЄюя▌╗<br>▄╥к╬ктк╬к╦к╖к╞к▀к┐клк├к┐кєк└<br>квкб ╧╓кЄ╪╬кькщкькєк╩кб<br>лщлщлщлщлщлщлщ лщлщлщлщлщлщлщ<br>лщлщлщлщлщлщлщ лщлщлщлщлщлщлщ<br>лщлщлщлщлщлщлщлщ<br>?к┐къюёк╦ў╫к├к╞к┐квк╬╘│ ус?╤жк╧┘экпк╩кык▀к┐кдк╟к╣<br>▐╓кдїєк╖к╞я╖к╩кпк╩кы?Єек┴кт кдк─клк╧┘экпк╩кык▀к┐кдк╟к╣<br>к╜кжкдкик╨∙╬кдрф╦╜кыьэк╬ яг√·▀гк╬┘эь╤═ыъок╟к╡<br>Єшкикы? ф▐кдёщкдк─ктк╬кшкжк╦с┼кдквкж ╩╢?к╬∙╗к╟<br>▄╥к╬┘═к╦ч▒кък│кєк└╧╓км<br>кдк─кткшкък┴кчк├к╚ю╓к╖к╜кжк╩ ?кмк╖к┐<br>╨╤к╦к╩к├к╞к╡ (╨╤к╦к╩к├к╞к╡) ▐╓кдїєк╖к╞к╡ (▐╓кдїєк╖к╞к╡)<br>¤н№тк╕ку∙╝кт·░╠╜к╖к╩кдк╡<br>╪╬кькщкьк╩кдк╬к╧ сЇк▒ь¤кькщкьк╩кдк╬к╧<br>╧╓кЄ▐╓кдїєк╦к╟кнкыяя▄╥к╧?кпк╧к╩кдклкщ<br>▄╥к╬╠╕к┐╠╪▀фкЄюя▌╗<br>╧╓к╦кт╠╕к╗к╞кфкък┐клк├к┐кєк└<br>квк├к┐клкдл│л│лвкЄьщ╧в<br>кдк─клк▐к┐▄ёкжьэк▐к╟к╚<br>с┼кжф╘к╦?к╧╠╕?к┐кщк╩кд<br>к╕куквк═ к╕куквк═<br>к▐к┐к╔к├клъ└кпк╟ кдк─кл<br>лщлщлщлщлщлщлщ лщлщлщлщлщлщлщ<br>лщлщлщлщлщлщлщ лщлщлщлщлщлщлщ<br>лщлщлщлщлщлщлщ лщлщлщлщлщлщлщ<br>лщлщлщлщлщлщлщ лщлщлщлщлщлщлщ<br>лщлщлщлщлщлщлщ');
Insert into JPAT.POST_SUGGEST (POST_TYPE_IDX,POST_IDX,YOUTUBE_URL,THUMNAIL,MUSIC,SINGER,LYRICS) values (2,63,'https://www.youtube.com/embed/sAuEeM_6zpk','https://img.youtube.com/vi/sAuEeM_6zpk/mqdefault.jpg','квк╬┘╙кЄк╩к╛к├к╞','YOASOBI','хик╬═ЎкЄу▐кы╤╗╒Єк╩№г<br>╩╢к╬?кЄкокхк├к╚╬├км°╨к▀?кр<br>ыхк╬┘экдьгь╤к└к▒к╬сж═гк╟┌дк│кик┐хычик╧<br>б╕√┐кнк└кшб╣<br>┘╙к╬ёщк╟╠╕кик┐┌▒?к╬к│к╚<br>∙╛к╬хибв╧╓к╚бв?к╓чпкмьгк─<br>ї╠¤нк╬№г√¤км═Ўк╦у░к├к╞с╝кик┐кщ<br>к╜кькЄ∙ъ?к╦<br>кдк─ктў╫кък╬Ё╚к╦ кдк─ктў╫кък╬╧╓к╬эм<br>▐╓кяк║┘═кЄьякщк╖к╞к╖к▐к├к┐к╬к╧<br>к╔кжкфк├к┐к├к╞╪╬кькщкьк╩кд╧╓к╬хычи<br>╨╤ктк║к├к╚·┬кдк╞кыклкщ<br>хикЄ?к▒к╞┘╙к╬р╗к╪<br>?къє╖кнк┐кд┌▒?к╪<br>▄т?к╦г┐квк╬┘╙к╦бв▄т?к╦г┐к├к╞╨╤кт<br>▄Їф╠к╦к╩к├к╞к╖к▐кжк▒к╔кнк├к╚<br>╨╤кЄ?к▒к╞┘еьэк╬р╗к╪<br>ьгь╤к└к▒к╬э▐с╢к╪<br>кткжк┴кчк├к╚ к╔кжкл?кякщк╩кдк╟<br>кткжк┴кчк├к╚ ╧╓клкщк╬хычи<br>квк╬┌▒?к╟╙тк├к╞кдкыкш<br>т┴ктЄ▒кщк╩кд ьгь╤к└к▒к╬хи<br>╙тк┴їекмкьк╞кдк┐╠╪▀фк╚ёьк╩кы<br>∙╛к╬═Ўк╦┌▒?к╚╨╤?кмкы?к╦╦╥кп№г√¤<br>╧╓к╚к│к│к╟к█кщквк╬┘╙кЄк╩к╛кы<br>╠╕▀╛к▓к┐═ЎкЄу▐кы╬├км╨╤Ё╬кщк╖к┐?ф╘<br>к╜кжк║к├к╚к│к╬╠╪▀фк╬к┐кск╦<br>к╜кжкнк├к╚к█кщьгк─к╬┌▒?км<br>╨╤ёьк╩къ∙ъкж<br>хик╬ёщк╟╧╓к╚ьгь╤<br>?къє╖кдк┐┌▒?к╟<br>╙▐э█▄¤▀╠кдк╧кнк├к╚╙▐э█▄¤?кякы<br>квк╬ьэ╠╕к┐┘╙к╬р╗к╪<br>╨╤кЄ?к▒к╞┘еьэк╬р╗к╟<br>к▐к┐їє?кик┐╧╓к╪<br>кткжк┴кчк├к╚ к╔кжклЁ√кякщк╩кдк╟<br>кткжк┴кчк├к╚ к█кщї╠¤нк╬№г√¤км╨╤<br>ьгь╤кЄ°╨кр<br>ыхк╬┘экдсж═гк╦·┬кдк┐<br>б╕√┐кнк└кшб╣');
Insert into JPAT.POST_SUGGEST (POST_TYPE_IDX,POST_IDX,YOUTUBE_URL,THUMNAIL,MUSIC,SINGER,LYRICS) values (2,65,'https://www.youtube.com/embed/Sw1Flgub9s8','https://img.youtube.com/vi/Sw1Flgub9s8/mqdefault.jpg','їЁ╥·▄ъ','лшлыл╖лл','═╘╩н╬щкЄ?к▒к┐кщъгк╬╨└╩рк╦?км?кдк┐<br>ї╠╨╬к╔кжкт▀Їкдклкщ к┐к└∙жкмЎгкпк╬кЄ╙тк├к╞к┐<br>┘╩ыфк╦ёикы<br>∙╝кл?к╦▄їкп<br>╠╕▀╛к▓кьк╨╘щ▀╛к╦?кдк╞▀дкы<br>к╧кщкъ ▄╥кщкткжу╙кт╪╬кьк╞<br>тыкнк╡кихт╠д<br>к╡кб ╨╤ьэк╡ки┘еьэ╬ж╦█к╦?кякы<br>к┐к└∙жкЄ╙тк─<br>к└клкщ▄╥кщкткж?кт╪╬кьк╞<br>к╡кшк╩кщк╡кихт╠д<br>к┐к└№гкм╦╜кык└к▒Їчкькъ<br>╨╤ їЁЎгрф<br>єнк╬ьэкт╙тк┴∙ъкяк╗<br>№г╠╕к╬╦╘ктс┤к╩кпк╩к├к┐<br>їЁк╬?кдк╧кткжЄнкр<br>╨╤╥┤кт∙╛км?кык╬кл<br>═╘╩н╬щкЄ?к▒к┐кщ╘│к╬р╗к╦╧╓км?кдк┐<br>?кък╧к╔кьк└к▒клк╩<br>к╔кьк└к▒їЁк╦?кикык└кэкж<br>Ї╣ц═кдк╬╬° ┘╩ыфк╦ёикы<br>к▐к┐э╞ьэк╚?кякщк║╨╤ьэкт?кп№гк╦<br>▄╥кщкткжу╙кт╪╬кьк╞<br>тыкнк╡кихт╠д<br>№г▀дкщк╗╨╤Ўгкпк│к╬╒╣к╧<br>к▐к╡к╦їЁ╥·▄ъ<br>∙жк╦╨╤ьэкткткжу┴км╫╡кьк╞<br>╪бк─к│к╚к╡кихт╠д<br>№гк╬╨└╩рк╦═Ў ▀дкькъ<br>к▐к└ їЁЎгрф<br>╨╤ьэкт?кдк╦·╝кп<br>┘╩ыфк╦ёикы<br>╫╢у╙кЄў╬кп<br>№гкткткжЁ√кякы<br>┘еьэкт?кдк╦·╝кп<br>їЁкмкткжЁ√кякы<br>┘г?кыкшкжк╦у┴╩ркм▀дк├к╞кдкп<br>фёкЄ╩░кик╨хычиЁыкщк║<br>╙╬кръдк╡кихт╠д<br>№г╦╥кдк┐╨╤кЄхычих¤кнкмх▐кькыктк╬кл<br>к╧кщкъ ▄╥кщкткж?кт╪╬кьк╞<br>тыкнк╡кихт╠д<br>№г╠╕к╧▄╥кщк└к▒<br>▀дкык╩к▐к└ їЁЎгрф<br>квк╚кткжс┤к╖к└к▒<br>кткж?кикщкькык└к▒<br>квк╚№гьгк─к└к▒<br>кткж№гьщк─к└к▒<br>к┐к└чикм?кык└к▒ к╧кщкъ<br>╨╤ їЁ▐┬┘ёкд');
Insert into JPAT.POST_SUGGEST (POST_TYPE_IDX,POST_IDX,YOUTUBE_URL,THUMNAIL,MUSIC,SINGER,LYRICS) values (2,77,'https://www.youtube.com/embed/vJPEWnklpFs','https://img.youtube.com/vi/vJPEWnklpFs/mqdefault.jpg','клкпкькєк▄','щ╨╫ь','"кдк├к╗?к╬?" к╟┘░къ·┬кдк┐л╣л┐?л╚к╬∙ъ?<br>к╩к╛к├к┐р╩к╟╠┐кєк└сж═г<br>▀ф▄їк▒к╞кдкп к│к│клкщ<br>┌ку¤кмк─кп╠ё к╣к╟к╦єо?к╦квк├к┐<br>▄╥к╕кук╩кдт┴клк╬╤└хук╧<br>ркх╒к╚к╚ктк╦с╠кы<br>═пк▄к▒к┐?▄ткЄЎвкъїєк╖к╞<br>╒к▀Ўкнк╬ёщк╦1к─к╬╙═кикЄ╠╕к─к▒к┐<br>э╗▌┬к╬?Ў╖к╦ ┘═кЄыўк├к╞<br>к╔к│к▐к╟к└к├к╞ ?к┴к╞кдк▒кык╬<br>к╔к│клъ└кпк╦ с╝кик╞к╖к▐кдк┐кд<br>к│кєк╩сж═гк╕ку ▄╥к╧кдкщк╩кд<br>лллжлєл╚л└лжлєк╧у╖к▐к├к╞кдкыкш<br>"кдк├к╗?к╬?" к╟?кЄ▀╛к▓к╞<br>?к│кик╞кпкыкєк└<br>э╗▌┬к╬чпк╬э■к╡к╦?▄їкп<br>кткжк│кєк╩у┴╩рк└<br>ьщ╘їр°кмф╘кЄїєк╖к┐<br>?кнк╜кжк╟твкЄу▀к╨к╖к┐<br>єнк╧▄╥к╦є╖кдк╞кнк╩кш<br>к╔кєк╩ф▐фск╟кт<br>(кткжкдкдклкд? к▐?к└к└кш)<br>╪нк╧▀╛кмкък└к╖к┐<br>(кткжкдкдклкд? к▐?к└к└кш)<br>▀ф▄їк▒к╞кдкп к│к│клкщ<br>10╥┤¤нк╬▄╥кщк╧к╣кьъ▐кдк╨клкък╟<br>№│▀╠к╦▀╠кдкЄЎ╠к╗к╞к╧<br>"?кьк╩кд" к╜кж▐╓кдк│кєк└<br>кпк┐к╙кьк┐у¤к╦ї┌кдў╨к┴кЄ<br>квк╬╠ёк╚?кякщк╩кдркх╒кт<br>к╩кєк╚кт▐╓кяк╩кд<br>э╗▌┬кЄуск╕ ?кдк╞кдк▒кьк╨<br>к╔к│к▐к╟к└к├к╞ у░кькык╬к╦к╩<br>ллл├л╚кЄ╬ек░ к╜к╬═Ў█▄к╦<br>╙▐я╖к╩лтл╬ ╠╕╒кк╚к╖к╞кдкы<br>╠╕к─к▒кщкьк╩кдк╚ышкнкякскп╧╓к╪<br>"кдк├к╗?к╬?" к╟?кЄ▀╛к▓к╞<br>?к│кик╞кпкыкєк└<br>э╗▌┬к╬чпк╬э■к╡к╦?▄їкп<br>кткжк│кєк╩у┴╩рк└<br>ьщ╘ї▀█к╟?к▒?к▒кы╧╓<br>кпк├к─кдк╞кдк┐к└к▒к╬▄╥к╟кт<br>╧╓к╬юёкЄ?к▒кыклк╩?<br>к│кєк╩?кък╩кд▄╥к╟кт<br>?▀╒к╧л█л│лъкЄклк╓к├к┐к▐к▐<br>┘экпк╖к┐╦їк╧к║к├к╚<br>╧╓к╬л▌л▒л├л╚к╬ёщк╦квк├к┐<br>▀дкщк╨к├к╞кдк┐юяк╞км<br>╨╤к╥к╚к─к╦ёьк╩кы<br>твкЄЎвкъ у╖кскшкж<br>▄╥к┐к┴к╬┌кх▐<br>ьщ╙°к╧кдкщк╩кдк╚▐╓к├к┐<br>╨╤к╩кщ¤╪кЄэхкькы?кмк╖к┐кєк└<br>фёккк╖кпк╞ ╬╨к▒?к╧кдк─кт<br>"кдк├к╗?к╬?" к╟?кЄ▀╛к▓к╞<br>"кдк├к╗?к╬?" к╟?кЄ▀╛к▓к╞<br>?к│кик╞кпкыкєк└<br>э╗▌┬к╬чпк╬э■к╡к╦?▄їкп<br>кткжк│кєк╩у┴╩рк└<br>ьщ╘їр°кмф╘кЄїєк╖к┐<br>?кнк╜кжк╟твкЄу▀к╨к╖к┐<br>єнк╧▄╥к╦є╖кдк╞кнк╩кш<br>к╔кєк╩ф▐фск╟кт<br>(кткжкдкдклкд? к▐?к└к└кш)<br>ышкнк╕кукпк├к┐?к╟<br>(кткжкдкдклкд? к▐?к└к└кш)<br>с┼кж╧╓км╠╕кик┐<br>(кткжкдкдклкд? к▐?к└к└кш)<br>╪нк╧▀╛кмкък└к╖к┐<br>(кткжкдкдклкд? кткжкдкдкш)<br>▀ф▄їк▒к╞кдкп к│к│клкщ');
Insert into JPAT.POST_SUGGEST (POST_TYPE_IDX,POST_IDX,YOUTUBE_URL,THUMNAIL,MUSIC,SINGER,LYRICS) values (2,78,'https://www.youtube.com/embed/7940nuwCEYA','https://img.youtube.com/vi/7940nuwCEYA/mqdefault.jpg','к▐к┴кмкдк╡кмк╖','╬╣яг?¤╟','к▐к┴кмкдк╡кмк╖к╬╩ръ▐кдк╬█░к╦<br>▀цк▐кьк╞кнк┐кшкжк╩?к╟кдк┐к▒к╔<br>к▐к┴кмкдк╡кмк╖к╬яс·░к╬█░к╕ку<br>кнк├к╚їє?кик╩клк├к┐к╚▐╓кж<br>к╒к╡кяк╖кп с┼кдквкикык│к╚<br>∙╝═║к└кэкжкл ?кмк╟кык│к╚<br>╧╓к╬┘═км╬╗кдк┐ ▄╥к╬¤╪кЄ?к├Є┴к░<br>к╜к╬ьэклкщ∙╝ктклкт ?кякъ═¤к╞к┐?кмк╖к┐<br>∙жк╦▐лк╨к╡кьк╜кжк╩ фвкдїЁк╬щък╟<br>ў▄╧▌к╩кпкщкдк╦∙╝?к╩кп█ик╦кдк╞<br>╩ръ▐кдк└кщк▒к╬ ▐┴смк╩╨└╩рк╟<br>кпк└кщк╩кд№екЄ кпк┐к╨кык▐к╟<br>яск╖кпквкък┐кд квкьк╩кд ю╓к╖к╡км<br>∙╝кЄы└кєк└к╟к╖кчкж<br>ьщк─к║к─ (ьщк─к║к─) ўок╖?к╞к╞кдк│кж<br>╤├кнкмк▒к╬ эн═ък▀к┐кдк╦<br>╧╓к╬твкм?кьк╞кдк┐ ЄжкЄёьк═∙ъкяк╗<br>╩ръ▐кдкляс·░клк└к╩кєк╞к╔кжк╟кткшклк├к┐<br>тыкп╩рк╦╒кк├к│к┴к┐ ╙┐кдфўк╬ёщк╟<br>╧╓к╕кук╩кнкукдк▒к╩кдк╚ к┐к└?кп▐╓кжк└к▒<br>╧╓к╬┘═км╬╗кдк┐ ▄╥к╬¤╪кЄ?к├Є┴к░<br>к╜к╬ьэклкщ∙╝ктклкт ?кякъ═¤к╞к┐?кмк╖к┐<br>∙жк╦▐лк╨к╡кьк╜кжк╩ фвкдїЁк╬щък╟<br>т┴к╦кт╠╕к╗к╩кд ф╘кЄ╠╕к╗к╞<br>╧╓к╬твкм?кьк╞кдк┐ ЄжкЄёьк═∙ъкяк╗<br>╩ръ▐кдкляс·░клк└к╩кєк╞к╔кжк╟кткшклк├к┐<br>тыкп╩рк╦╒кк├к│к┴к┐ ╙┐кдфўк╬ёщк╟<br>╧╓к╕кук╩кнкукдк▒к╩кдк╚ к┐к└?кп▐╓кжк└к▒');
Insert into JPAT.POST_SUGGEST (POST_TYPE_IDX,POST_IDX,YOUTUBE_URL,THUMNAIL,MUSIC,SINGER,LYRICS) values (2,79,'https://www.youtube.com/embed/Lq2-HHP04jM','https://img.youtube.com/vi/Lq2-HHP04jM/mqdefault.jpg','?кякщк╩кдктк╬','?№дэн','?къ╘│к╒к╢к▒к╞?кдк┐<br>?кт┘экп╧╓кЄ╥┴кщк╗к┐<br>▀фкєк╩╧╓к╬ф╘кЄ╠╕к┐клк├к┐кєк└<br>╙▐кнк╩╘┌км ышкнк╜кжк╩?км<br>╨╤кт▄╥к╬¤╪кЄЇєкс▄їк▒кы<br>к╣кьъ▐кжь╤к╬ёщк╟ ╧╓кЄї┌кдклк▒к┐<br>?кякщк╩кдктк╬ ўок╖к╞кдк┐<br>квк╬ьэк╬╧╓кЄ╪╬кьк╧к╖к╩кд<br>у┴кЄъ╞кик╞кп▐╓кдкмквкы<br>▄╥к╧╨╤к╣к░╧╓к╦?кдк┐кд<br>╩╢?к╦к╓кщ∙╗к▓к┐▀╠кд<br>кдк─кт╧╓к╦╘дк╗к╩клк├к┐<br>хик╧▄╥╙╣кЄъ└к╢к▒к╞кдк├к┐к═<br>╠╕кик╩кду¤к╟ ?к─кдк┐?км<br>╨╤кт▄╥к╬¤╪к╦·┬кдк╞кдкы<br>к╡к▐кшкжу┴к╬ёщк╟ ╧╓к╚?кЄк╖к┐<br>?кякщк╩кдктк╬ ўок╖к╞кдк┐<br>квк╬ьэ╠╕к─к▒к┐Є▒кщк╩кдэ▐с╢к╪<br>╧╓к╚ьгь╤к╟·╝к▒кык╬к╩кщ<br>▄╥к╧∙╝╙°кт▀цк▐кь?кякькы<br>√бк╩кдктк╬ °┘кнк╖кск╞к┐<br>?кькыыхкт┌дк│кик╩кдк▐к▐<br>╧╓к╚?кдк┐╘╥к╕╘│к╦<br>╨╤кт?кък╧Ё╬кщк╖?к▒кы<br>?кякщк╩кдктк╬ ўок╖к╞кдк┐<br>квк╬ьэк╬╧╓кЄ╪╬кьк╧к╖к╩кд<br>у┴кЄї▒кик╞кп▐╓кдкмквкы<br>▄╥к╧╨╤к╣к░╧╓к╦?кдк┐кд<br>▄╥к╧╨╤к╣к░╧╓к╦?кдк┐кд');
Insert into JPAT.POST_SUGGEST (POST_TYPE_IDX,POST_IDX,YOUTUBE_URL,THUMNAIL,MUSIC,SINGER,LYRICS) values (2,80,'https://www.youtube.com/embed/K1Tz2yNmamI','https://img.youtube.com/vi/K1Tz2yNmamI/mqdefault.jpg','кткжс┤к╖к└к▒','YOASOBI','кткжс┤к╖к└к▒ кткжс┤к╖к└к▒ ╙╬к▀їєк╗к┐к╬к╩кщ<br>к╜кжс│к╡к╩щ╨к╖к╡кЄ  ▌┬к▒∙ъкик┐к╬к╩кщ<br>квкък╒кьк┐ьщьэкм  с╚ю╪к╩ьэк╦к╩к├к╞кдкпк█кщ<br>к╜кжкфк├к╞∙╝╙°к╟кт  ¤ьк╙к╧кск░кы<br>№╦к┐к└к╖кп╬жкокыЁ╚к╦<br>кдк─ктў╫къ╬жкокыЁ╚к╦<br>?к▐кьк┐кк▐┼кдк╚х°я╥кЄЁ╬кщк╣<br>╧╓км?кик╞кпкьк┐ <br>квк╞к╦к╖к╞к╩кдя┐кдк╬хычи<br>б╕кдк─ктк╖к╩кдк│к╚б╣кЄк└к├к╞<br>к╜кєк╩к│к╚кЄ╘щк╬щък╦Ў╟кдк┐к▐к▐<br>кдк─ктк╬╨╤ьэк╪<br>кткжс┤к╖к└к▒ кткжс┤к╖к└к▒ ╙╬к▀їєк╗к┐к╬к╩кщ<br>кткжс┤к╖к└к▒ квк╚с┤к╖к└к▒ щ╨к╖кпк╩кьк┐к╬к╩кщ<br>квкък╒кьк┐ьщьэкт с╚ю╪к╩ьэк╦к╩к├к╞кдкпкшкжк╩<br>к╜кєк╩?кмк╖к┐кєк└ ╨╤¤ьк╙к╧кск░кы<br>ф▐кдл╦лх?л╣км╫╡кькыЁ╚к╦<br>?Єек┴кмЎ╪кєк╟кдкпЁ╚к╦<br>э╗▌┬к╧б╕кдкщк╩кдб╣Ёэюдг┐к╩кєк╞═┼кикыЁ╚к╦<br>квк╩к┐к╬к│к╚кЄ▐╓кдїєк╖к┐кєк└<br>квк╩к┐к╦?кдк┐кпк╩к├к┐кєк└<br>╬∙к╖к╓кък╦?кдк╦·╝кпкш ╨╤к╣к░к╦<br>╙тк┴к╦╙тк├к┐к╜кєк╩Ё╚к╦<br>▀╠кдкЄЎ╠к╗кыьэк╬Ё╚к╦<br>кдк─кткшкъктЁ─кп╩лкЄїєкы<br>к╒кдк╦?кьк┐т┴клк╬щ╨к╖к╡км<br>▐чк╬щ╨к╖к╡к╦?кяк├к┐кєк└<br>к█кщ¤ьк╙к╧кск░кы<br>кткжс┤к╖к└к▒ кткжс┤к╖к└к▒ ╙╬к▀їєк╗к┐к│к╚км<br>кткжс┤к╖к└к▒ к█кєк╬с┤к╖к└к▒ щ╨к╖кпк╩кьк┐к│к╚км<br>квкък╒кьк┐ьщьэкт ўх▄мк╩ьщьэк╦к█кщ<br>?кик╞кпкьк┐кєк└кнк├к╚ ╨╤ьэкт<br>квк╩к┐клкщ▐чк╪к╚ ▀╠кдкм?кякы<br>к╜кж▄╥клкщ╧╓к╦к█кщ ¤ьк╙км?кмкы<br>квкък╒кьк┐?ьэклкщ ╙╬к▀їєк╖к┐щ╨к╖к╡км╨╤<br>т┴клк╦?кдк╞кнк├к╚ кск░къ?к▒кыкшк║к├к╚<br>квкббвк╔к│к▐к╟кт<br>╨╤ьэктк╔к│клк╟квк╩к┐км<br>╨╤кЄ▀цкнкыквк╩к┐кмк┐к└<br>с│к╡к╩·╣к╗кЄ ╠╕к─к▒кщкьк▐к╣кшкжк╦');
Insert into JPAT.POST_SUGGEST (POST_TYPE_IDX,POST_IDX,YOUTUBE_URL,THUMNAIL,MUSIC,SINGER,LYRICS) values (2,81,'https://www.youtube.com/embed/kxs9Su_mbpU','https://img.youtube.com/vi/kxs9Su_mbpU/mqdefault.jpg','ллл┐лклтлд','AIMER','╓╟кик╨ ╧╓к╬ ф╘к╦рокшкъ<br>л╖лякм ?кик╞кт к╜кьк╟кт╒▐кдкєк└<br>▄╥км лол┐?кЄ ▐╓кжкшкжк╦ ?к▒к╩кпк╩к├к╞кт<br>у¤к╬╩░к╧╧╓к╟ьюкьк╞кдкыкш<br>═╘кд?кт їєк╗к║к╦ ▐╓кдў╫къ╩░кик╩кд<br>к╜кьк╟кт?кнк╩кмкщьщ?к╦╩░к├к╞кпкькыклк╩<br>∙▄кькєк╨клкък╬┌╨твкт ·┬кн╘дкы??кткдкщк╩кд<br>╧╓к└к▒ кяклк├к╞кш кяклк├к╞кш<br>Darlin'' ┘╙км?к├к┐к╬<br>кк▐─∙ъкдк╬хычикм╠╕к─клкщк╩кдкш<br>Darlin'' ┘╙км?к├к┐к╬<br>б╕фёк╖к╞кыб╣<br>к┐к├к┐ьщ╙°к╬ к┐к├к┐ьщь╤к╬<br>▀цк▐кьк╞кнк┐·╣к╗┌лкяк├к╞кыкєк└кш<br>╨╤ьэкмлслдлєл╟лгл├л╖лхк╟ Ё√кякък╬ьэк╦к╧<br>╩Ў▀лк├к╤кдл╟л╢?л╚кЄу▌к┘кык╬<br>▀гкт═█ктюя▌╗л╒лыл│?л╣к╟<br>?кмкнкпкшкжк╩хычик╧кдкщк╩кд<br>с╚Їчкщк╖кдўх▄мкткдкщк╩кд<br>к┐к└к║к├к╚ к║к├к╚к╜к╨к╦ Ў╟кдк╞кккдк╞кш<br>▄╥к╬▀╠кдк╧?кЄк╚кык╚ ?кик╞кпк╨к├клк└<br>√┐кнк└кш<br>кяклк├к╞кш кяклк├к╞кш<br>к═ки darlin'' ┘╙км?к├к┐к╬<br>кк▐─∙ъкдк╬хычикм╠╕к─клкщк╩кдкш<br>Darlin'' ┘╙км?к├к┐к╬<br>фёкмьюкьк╞кдкп<br>╧╓км▄╥кЄ╪╬кьк╞к╖к▐к├к╞кт<br>к┴кчк├к╚к─кщкдк▒к╔ к╜кьк╟кткдкдклкщ<br>▄╥кшкър╗к╦ к╔к│клъ└кпк╦<br>╒щ╪бк─к│к╚к╧я╛? ·╔к╡к╩кдклкщ<br>▀цк▐кь?кяк├к┐к╚к╖к╞кт<br>їє?кд█░кмї╠?к╟кт<br>к▐к┐▄╥к╧╧╓к╦?к╣кыкєк└кш<br>▄╥к╬у¤к╧ ╧╓к╦кдк─кт°╕▐╓кд<br>√┐кнк└кш<br>кяклк├к╞кш кяклк├к╞кш кяклк├к╞кш<br>Darlin'' ┘╙км?к├к┐к╬<br>кк▐─∙ъкдк╬хычикм╠╕к─клкщк╩кдкш<br>Darlin'' ┘╙км?к├к┐к╬<br>к═ки darlin''б╕фёк╖к╞кыб╣');
Insert into JPAT.POST_SUGGEST (POST_TYPE_IDX,POST_IDX,YOUTUBE_URL,THUMNAIL,MUSIC,SINGER,LYRICS) values (2,82,'https://www.youtube.com/embed/gsT6eKsnT0M','https://img.youtube.com/vi/gsT6eKsnT0M/mqdefault.jpg','┘▐','DISH//','рк?к▒кмц╫кик╞к│к╬╩╢к┤к╚<br>?к▀?кєк╟к╖к▐кдк╜кжк╩╨╤ьэк╦<br>▄╥к╧╧╓кЄтв█пк╖к╞к╖к▐к├к┐<br>┘еьэкм▄Їф╠к└ к╚к╞кт·юк└<br>к└клкщк│к╬▄╥ктьщ?к╦<br>?к▀?кєк╟к╖к▐кикшрк?к▒<br>к└к▒к╔ктк╜кжк╧кдклк╩кдкшк╩<br>┘еьэк├к╞лжл╢кдк█к╔?кыкшк╩<br>╪∙к┐кдхик╦к╩кєк└клс┼к├к┴кукж<br>╩лк▐к╟?кэкж 1ь╤к╟?кэкж<br>э╞ьэк╬к│к╚к╩к╔ №│к└к╚▐╓кккж<br>╧╓к╬ф╘к╩кєк╞╪╬кьк╞кфкык╡<br>╪й╓у╪й╓ук╖кдк└кэбвк╜кжк└кэ<br>╧╓кмкдк╩кпк╩к├к┐ьэ?кт<br>к│к╬к╔кжк╖кшкжктк╩кд?к└кык╡кт<br>у¤к╚?км¤╜?к╖к╞<br>?кък╩кд▄╥к╧??кєк╟<br>┘▐к╦к╩к├к┐кєк└кшк╩ ╧╓к╧<br>кдк─клл╒лщл├к╚·▐кьк╞кпкь<br>∙╝?к╩кд?ьэкЄ╧╓▀фк╦ц°кск╞кккпкькш<br>рк?к▒кмц╫кик╞к│к╬╩╢к┤к╚<br>?к▀?кєк╟к╖к▐кдк╜кжк╩╨╤ьэк╦<br>▄╥к╧╧╓кЄтв█пк╖к╞к╖к▐к├к┐<br>х┤к╣кокы▄╥кщк╧к▐к┐1клкщ<br>їє?кжк│к╚к╧╩ж╥Ўк╩к╬клк╩<br>ъ├кжк└к▒┘э?к╩кщкткжл└лск└<br>╩лк▐к╟к─кпк╬кмк│кєк╩к╦кт·юк└<br>?кпл╣л╘?л╔к╧<br>╧╓км╫Ўк╦кдкыу┴к╬к▐кєк▐<br>▀╠кдїєт▐кщк╗<br>кмкєк╕кмкщкск╬к┐ксу╙к╨к├кл<br>╪й╓ук╦к╖кэкшбвс┼кикш<br>╧╓кмкдк╩кпк╩к├к┐ьэ?к╧<br>╪№█▄кдкпкщкдк╦к─к▐кщк╩кд<br>юя╒Їк╟╪╬кькшкжк╚к╣кык▒к╔<br>юяуєк╟╧╓кЄ╧┤кск╞кы<br>┘▐к╦к╩к├к┐кєк└кшк╩╧╓к╧<br>кдк─клк▐к┐квк╬?кЄ┌дклк╗к╞кш<br>┘├тък╨к├клк╟┘э╥■═╚╥■к╩▄╥кЄ<br>ъ╨кск╞к█к╖кд<br>╧╓кмкдк╩кпк╩к├к┐ьэ?кт<br>к│к╬к╔кжк╖кшкжктк╩кд?к└кык╡кт<br>у¤к╚?км¤╜?к╖к╞<br>?кък╩кд▄╥к╧??кєк╟<br>┘▐к╦к╩к├к┐кєк└кшк╩╧╓к╧<br>кдк─клл╒лщл├к╚·▐кьк╞кпкь<br>∙╝?к╩кд?ьэкЄ╧╓▀фк╦ц°кск╞кккпкькш<br>╧╓кмктк╖▐╫к╞┘▐к└к├к┐кщ<br>к│к╬ш╙к╬ёщк╟°┘кнк╖кскыкш<br>л▒лмк╖к╞кык╩кщк╜к╬▀┐у╘кжк╖<br>яёьщ█╩к╬?кткъкЄквк▓кы<br>?кдк┐кдкєк└╪╬кькщкьк╩кд<br>┘▐к╦к╩к├к╞к╟кт·▐кьк╞к█к╖кд<br>кдк─кл╧╓кмл╒лщл├к╚·▐кьк╞<br>▄╥к╧к▐к┐бв·╣к╗к╟');
Insert into JPAT.POST_SUGGEST (POST_TYPE_IDX,POST_IDX,YOUTUBE_URL,THUMNAIL,MUSIC,SINGER,LYRICS) values (2,83,'https://www.youtube.com/embed/1lYb9nLO_FY','https://img.youtube.com/vi/1lYb9nLO_FY/mqdefault.jpg','л╒лгл╩?ль','EILL','╧╓к╧к█кєк╚к╦кяклк├к╞к╩кдкш<br>╓╟кик╨л╧л├л╘?лилєл╔кшкъ<br>╩Ўкпк╞√▀№дк╩л╟л╢?л╚кшкъ<br>╧╓кмкдкдкєк└кш<br>к╒к┐к─к╬▀бкшкъ▀╙∙ъкд▀б<br>к┴кчк├к╚╒╥к┐кдк▒к╔<br>б╕фёк╣кык┐кск╬б╣<br>╙█▀┴к╩кщкдкпкщк╟ктк╔кжк╛<br>к┐к└к║к├к╚Ў░к╦кдк┐кд<br>к═ки л└?лълє<br>Oh р°р┌ктк╩кд<br>к╒к┐кък▄к├к┴к╬сж═гк╟к║к├к╚<br>ї╠¤нк╬№г√¤кЄквк▓к╞<br>л╒лгл╩?лькЄу▐к├к╞<br>╨Їюцк╬╦╜кы?к╦╒кк┴к╞<br>л└?лълє кткж╫юк╡к╩кдк╟<br>┌л?к╩кдсж═гкт?кпк╩кдк═<br>к╔кєк╩к╦?кЄк╖к┐к├к╞ їє▄ёкик╩кдкшкнк├к╚<br>Ё√кък╬к╩кд·╣к╗к╦лнл╣кЄк╖кш<br>кдк─кл╨╤ьэкЄ╪╬кьк╞кт╧╓кмкдкдкєк└кш<br>Ї╕?щык╬ьэ<br>кдкд∙ъкдк├к│к╖к╞ к╧к╕кск╞┘═кмквк├к┐<br>к║к├к╚?кик╚кпкш<br>Oh, woo yeah, oh, woo<br>Oh oh<br>к═ки л└?лълє<br>Oh р°р┌ктк╩кд<br>к╒к┐кък▄к├к┴к╬сж═гк╟к║к├к╚<br>ї╠¤нк╬№г√¤кЄквк▓к╞<br>л╒лгл╩?лькЄрек├к╞<br>╨Їюцк╬╦╜кы?к╦╒кк┴к╞<br>л└?лълє кткж╫юк╡к╩кдк╟<br>с╚к├?к╩кдсж═гкт?кпк╩кдк═<br>к╔кєк╩к╦?кЄк╖к┐к├к╞╪╬кькщкьк╩кдк╬<br>Ё√кък╬к╩кд·╣к╗к╦лнл╣кЄк╖кш<br>Wow, wow, ah yeah<br>Wow, wow, ah yeah<br>Wow, wow, ah yeah<br>Wow, wow<br>┌л?к╩кдк═<br>к╟ктк╜кькмк═ к╒к┐кък╬·╣к╗');
Insert into JPAT.POST_SUGGEST (POST_TYPE_IDX,POST_IDX,YOUTUBE_URL,THUMNAIL,MUSIC,SINGER,LYRICS) values (2,84,'https://www.youtube.com/embed/ReCnlwVZj1M','https://img.youtube.com/vi/ReCnlwVZj1M/mqdefault.jpg','115╪▓лнлэк╬л╒лглылр','OFFICIAL?╤√DISM','к│кьклкщ╩░кж═╪к╬?щ╗к╧▄╥к╬╘щк╬ёщк╬к│к╚<br>ёлц╤к╧ктк┴кэкє╧╓к╟ ▄╥к╧Ё╛ц╤к╟╩°╘╜к╟лллслщл▐лє<br>┘═к╬?к╦квкыл╒лглылрк╟э┬кыч▒?к╬№ек╡ ah<br>кпк└кщк╩кдк╩к╚с┼к├к┐кєк╩кщ?к▀к╧к╜кьк╟╪▓▐└OK!<br>?кьк╞кдк╩кдк╟к┴кчк├к╚╙тк├к╞<br>кнк├к╚?к╦ь¤к├к╞кткщкикык╚▐╓кжк╩<br>к│к│к▐к╟к╬л└лдл╕лзл╣л╚кЄс┤к╖к└к▒╠╕к╗кыкш<br>Ї°кск╞¤╜?к╖к┐хик╬?<br>╦┴ь╤ю▄к╦¤╪кмў╘крк▒кьк╔<br>к╜к╬к▐к▐╠╕?к▒кшкж<br>к┤кскєк═к╚хык├к╞ёъЄ┴кък╖к╞твкЄф─к├к╞<br>к█кщ к│к│к╟╧╓кмс┼кжл╖?лєкм╠╕к╔к│кэк╩кєк└клкщк╡ ah<br>??к╦ктч▒к╗кфк╖к╩кдк╚к╞кт▐┴смк╩к╜к╬▐┬їок╦<br>к╔кєк╩ф▐кдл╣л╚?лъ?кт▄▌к╣ты╩ркмьюкьк╞кы<br>к╔кьклк╥к╚к─кЄя╖къЎвк├к╞<br>л╡лрл═лдлык╦к╖кшкжк╚къквкик║╨╤к╬с╢к╧<br>кнк├к╚10╥┤¤нкпкщкдк╦к╧лнлул╣л╚км?кик┐къктк╣кыкєк└кэкж<br>╨╤к╟ктх∙ыок╩кєк╞к╩кдк╬к╦к│кєк╩ф╠ъ┼╨хк╕кукткжлнлул╤лк?л╨?!<br>кнк├к╚я╫к▒к╩кдк╚к│кэкт▀гк█к╔╠╕к╗кык└кэкж<br>┘рэокмк╥к╚к─к╦к╩к├к┐ьэкт<br>∙╝к╥к╚к─╙█кякъч▒кик╬к╩кдьэкт<br>фёк╖кдьэ?Ёюкдьэ?<br>╘▒к╡к╩кдкшкжк╦╪╬кьк╩кдкшкжк╦?кн▄їк▒к╞кдкпкш<br>╨╤ ┘═кЄсмкск╞Ў╗к╕кщкдквк├к╞ч╡ъ└кЄъ├к├к┐▄╥к┐к┴кЄ<br>к╣кьъ▐кдкфщ╪ъжк╩юў╦╥кмь┌кн╓ок│кжк╚к╖к┐к╜к╬у┴к╦к╧<br>▄╥кмкжкык╡кдкпкщкдк╬?╒ск╟к│к╬╩░∙╝╙°кт╩░кжкш<br>к└клкщк╔кжклк╜к╨к╦кдк╞<br>лилєл╔лэ?лык╩кєк╞кткєэ┬кък┐кпктк╩кдклкщ yeah<br>лплщлєлплвл├л╫кмкдк─к╩к╬кл▄╥кщк╦к╧╠╜кскщкьк╩кд<br>к└клкщ∙жк╦Ўгклкьк╞кдк│кж (∙жк╦Ўгклкьк╞кдк│кж)<br>л╒лглылрк╧щ─ыЄк╖к┐кш (л╒лглылрк╧щ─ыЄк╖к┐кш)<br>ьщ▀ц▌┬к╬э■к╡кЄ к╢к├к╚115╪▓лнлэ<br>к█кщ к│к│к╟╧╓кмс┼кжл╖?лєкм╠╕к╔к│кэк╩кєк└клкщк╡ ah<br>??к╦ктч▒к╗кфк╖к╩кдк╚к╞кт▐┴смк╩к╜к╬▐┬їок╦<br>к╔кєк╩ф▐кдл╣л╚?лъ?кт▄▌к╣ты╩ркмьюкьк╞кы<br>к╔кьклк╥к╚к─кЄя╖къЎвк├к╞ л╡лрл═лдлык╦к╖кшкж<br>к╡кв к│кьклкщ▀цк▐кькы┘гэ▐╪№кЄўок╖к╦кдк│кжкш<br>▀лкдкт╩Ўкдкт╨ЎкъЇ╒к├к╞<br>ьщ?к╦┌лкякккжл╒лглылркмк╩кпк╩кык▐к╟<br>ї╔чпкЄ?к▒кшкжк│к╬┘дквкы∙┌къ');
Insert into JPAT.POST_SUGGEST (POST_TYPE_IDX,POST_IDX,YOUTUBE_URL,THUMNAIL,MUSIC,SINGER,LYRICS) values (2,87,'https://www.youtube.com/embed/nmeccuUXs4Q','https://img.youtube.com/vi/nmeccuUXs4Q/mqdefault.jpg','фёк╬▀█┌л╤в∙┌','TUKI.','к╔кжклї╠¤нк╦?кдк╦?к╞кпкьк╩кдкл<br>хычик└к▒к╕кукткж∙╝кт╪╪к▐кщк╩кдкєк└<br>ышкнф╘к╟ктс┼ф╘к╟кткдкд<br>╧╓к╦?кдк┐кд<br><br>к│кєк╩ьэкм?кык╚▐╓кяк╩клк├к┐кєк└<br>╧╓к╬█ик╦╦▄кщкьк╩кпк╞к┤кскєк═<br>к╗кск╞р°к╦ъ├кдкЄ<br><br>▌шк╖к▐к╩кдк╟╦▄к╞ббюёкЄ╠╕к╞<br>Є╔къ┌ўкщк╩кдк╟<br>▄╥к╬╦▄к╩кд╩╢к╟бб?к┐къюёк╦<br>?кЄк╖к╞с┼к├к╞<br>╙тк┴∙ъкяк╗к╧р°╩╢к╬?к╟<br>╧╓км╪╬кьк╞кдк╞кт<br><br>к╔кжктї╠¤нкщк╖кпЄ╔┘ёкик╩кдкєк└<br>?к╥к╚к─кпкщкд╫╡к╣к╚▐╓к├к┐кєк└<br>▀╛твкп?к╗к╞кдкык└кэкжклбб<br>л╨льк╞кдк╩кдклк╩<br><br>к▐кык╟к╥к╚к─к▀к┐кдк╦<br>▀╠к├к╞кдк┐кдкєк└<br>╫юкьк╞к╞кт╬жк┤к╖к┐квк╬у┴╩рк╧<br>?к╕кук╩кдк╚кяклк├к╞кы<br><br>▌шк╖к▐к╩кдк╟╦▄к╞ббюёкЄ╠╕к╞<br>Є╔къ┌ўкщк╩кдк╟<br>▄╥кмышкдк╞кдкыбб╫тыжк╩кєк╞<br>Є▒кщк╩кдк╟с┼к├к╞<br>╙тк┴∙ъкяк╗к╧р°╩╢к╬?к╟<br>кдк─кл?кикыьэк▐к╟<br><br>▐╓кдїєк╩кєк╞кфк├клкдк╩ктк╬кЄ<br>°┘кик╞к▐к╟к╔к│к╦·╝кнк┐кдк╬<br>?къє╖кпэ▐с╢к╧╘╥к╕к└к╚<br>уск╕к╞кдкыклкщ<br><br>▌шк╖к▐к╩кдк╟╦▄к╞ббюёкЄ╠╕к╞<br>Є╔къ┌ўкщк╩кдк╟<br>▄╥к╬╦▄к╩кд╩╢к╟бб?к┐къюёк╦<br>?кЄк╖к╞с┼к├к╞<br>╙тк┴∙ъкяк╗к╧р°╩╢к╬?к╟<br>╧╓км╪╬кьк╞кдк╞кт<br><br>▌шк╖к▐к╩кдк╟╦▄к╞ббюёкЄ╠╕к╞<br>Є╔къ┌ўкщк╩кдк╟<br>▄╥кмышкдк╞кдкыбб╫тыжк╩кєк╞<br>?▄їклк╩кпк╞кдкдкш<br>╙тк┴∙ъкяк╗к╧р°╩╢к╬?к╟<br>кдк─клс┼кикыкшкжк╦');
REM INSERTING into JPAT.POST_TYPE
SET DEFINE OFF;
Insert into JPAT.POST_TYPE (POST_TYPE_IDX,POST_TYPE) values (2,'кк?кс');
Insert into JPAT.POST_TYPE (POST_TYPE_IDX,POST_TYPE) values (1,'ьщ┌ї');
REM INSERTING into JPAT.REPLY
SET DEFINE OFF;
Insert into JPAT.REPLY (REPLY_IDX,POST_IDX,NICKNAME,REPLY_PASSWORD,COMMENTS,REGDATE,USER_IDX) values (1,3,'ё┤','285da275d9a82a3f64eeef8615785eff6373e2325a9a5fc9b983b16da577fb','▄╥к╧tukiк╬╩░км√┐кнк└кшгб',to_date('24-10-30','RR-MM-DD'),2);
Insert into JPAT.REPLY (REPLY_IDX,POST_IDX,NICKNAME,REPLY_PASSWORD,COMMENTS,REGDATE,USER_IDX) values (2,5,'к╚кт','4e980b76d53459470dcd1f288430603e3fcc461dd7d199d1828fc9281b19','к╣к┤кдк╟к╣кшгб',to_date('24-10-31','RR-MM-DD'),19);
Insert into JPAT.REPLY (REPLY_IDX,POST_IDX,NICKNAME,REPLY_PASSWORD,COMMENTS,REGDATE,USER_IDX) values (3,17,'к╚кт','4e980b76d53459470dcd1f288430603e3fcc461dd7d199d1828fc9281b19','ккккккккк├',to_date('24-10-31','RR-MM-DD'),19);
Insert into JPAT.REPLY (REPLY_IDX,POST_IDX,NICKNAME,REPLY_PASSWORD,COMMENTS,REGDATE,USER_IDX) values (4,84,'лэлэ','92ed166bc2dfb4820c8cf1e17fbe88b7e441ca934b8d692b29786c532cbcf3','ккккккккккккккк├',to_date('24-10-31','RR-MM-DD'),null);
Insert into JPAT.REPLY (REPLY_IDX,POST_IDX,NICKNAME,REPLY_PASSWORD,COMMENTS,REGDATE,USER_IDX) values (5,84,'л▐лълє','c4b569a7b1dd12ff8ce1c102b4f34845d1539b43ac241c99b149e899742db24','▐чкт╙▐√┐кнгбгбгбгб',to_date('24-10-31','RR-MM-DD'),3);
REM INSERTING into JPAT.SINGER
SET DEFINE OFF;
Insert into JPAT.SINGER (SINGER_IDX,SINGER,SINGER_IMG,SUGGEST_COUNT) values (1,'TUKI.','tuki_4d81ea25-3e8e-4ce5-9411-287351809607.jpg',3);
Insert into JPAT.SINGER (SINGER_IDX,SINGER,SINGER_IMG,SUGGEST_COUNT) values (2,'щ╨╫ь','yuuri_1083bd05-29ab-484e-9df8-6dfc849c2754.jpg',4);
Insert into JPAT.SINGER (SINGER_IDX,SINGER,SINGER_IMG,SUGGEST_COUNT) values (3,'VAUNDY','vaundy_21c69ff1-f1a6-4e4e-a2a4-1ae32ea0dd22.jpg',1);
Insert into JPAT.SINGER (SINGER_IDX,SINGER,SINGER_IMG,SUGGEST_COUNT) values (4,'TEST',null,0);
Insert into JPAT.SINGER (SINGER_IDX,SINGER,SINGER_IMG,SUGGEST_COUNT) values (5,'BACK NUMBER','backnumber_fdc9c52c-e1cb-40f8-a5e8-1099a5675cf2.jpg',2);
Insert into JPAT.SINGER (SINGER_IDX,SINGER,SINGER_IMG,SUGGEST_COUNT) values (6,'OFFICIAL?╤√DISM','higedan_cce2460d-04ef-4d66-84b6-dcbf5073b516.jpg',3);
Insert into JPAT.SINGER (SINGER_IDX,SINGER,SINGER_IMG,SUGGEST_COUNT) values (7,'р°╩╢к╣кдк╗кд','suisei_a07ab917-715e-40c1-a09e-5900a0458f29.jpg',1);
Insert into JPAT.SINGER (SINGER_IDX,SINGER,SINGER_IMG,SUGGEST_COUNT) values (8,'NOVELBRIGHT','novelbright_b99732e1-b38c-4377-a0af-d257758f9373.jpg',1);
Insert into JPAT.SINGER (SINGER_IDX,SINGER,SINGER_IMG,SUGGEST_COUNT) values (9,'тв┘┌кнMAD',null,0);
Insert into JPAT.SINGER (SINGER_IDX,SINGER,SINGER_IMG,SUGGEST_COUNT) values (10,'KING GNU','kinggnu_6261c5e5-755d-4d31-b3df-8f9284dd0b00.jpg',1);
Insert into JPAT.SINGER (SINGER_IDX,SINGER,SINGER_IMG,SUGGEST_COUNT) values (11,'YOASOBI','yoasobi_8c048927-5b11-4e5d-a665-77bf7d381bc4.jpg',3);
Insert into JPAT.SINGER (SINGER_IDX,SINGER,SINGER_IMG,SUGGEST_COUNT) values (12,'квкдк▀кчкє','aimyon_727b99ca-e179-4956-a44c-d0a7055fabbf.jpg',1);
Insert into JPAT.SINGER (SINGER_IDX,SINGER,SINGER_IMG,SUGGEST_COUNT) values (13,'SAUCY DOG','saucydog_d0ace964-58f4-491c-b996-342581e828f6.jpg',1);
Insert into JPAT.SINGER (SINGER_IDX,SINGER,SINGER_IMG,SUGGEST_COUNT) values (14,'лшлыл╖лл','yorushika_fe8733a3-f7f7-4b25-a77d-92a6ab9f88c5.jpg',1);
Insert into JPAT.SINGER (SINGER_IDX,SINGER,SINGER_IMG,SUGGEST_COUNT) values (15,'╬╣яг?¤╟','sudamasaki_fceccba1-64b7-483f-9823-ae4f96a89fac.jpg',1);
Insert into JPAT.SINGER (SINGER_IDX,SINGER,SINGER_IMG,SUGGEST_COUNT) values (16,'?№дэн','okuhanako_453331e3-da02-4d20-b7ac-c6b9be157e94.jpg',1);
Insert into JPAT.SINGER (SINGER_IDX,SINGER,SINGER_IMG,SUGGEST_COUNT) values (17,'AIMER','aimer_f3dc96cc-ca64-4eac-85d0-d419e0aba6f6.jpg',1);
Insert into JPAT.SINGER (SINGER_IDX,SINGER,SINGER_IMG,SUGGEST_COUNT) values (18,'DISH//','dish_9a0f9bf5-6835-41da-b2eb-b43694439a7e.jpg',1);
Insert into JPAT.SINGER (SINGER_IDX,SINGER,SINGER_IMG,SUGGEST_COUNT) values (19,'EILL','eill_4132f907-1947-4488-9ea9-ae453417e0f2.jpg',1);
Insert into JPAT.SINGER (SINGER_IDX,SINGER,SINGER_IMG,SUGGEST_COUNT) values (20,'╬╖╫тЄ┼','cat_be5f447e-bf07-4ec6-b9a1-0c11625d6d5b.jpg',0);
REM INSERTING into JPAT.SINGER_POST_RELATION
SET DEFINE OFF;
Insert into JPAT.SINGER_POST_RELATION (SINGER_IDX,POST_IDX) values (1,1);
Insert into JPAT.SINGER_POST_RELATION (SINGER_IDX,POST_IDX) values (1,2);
Insert into JPAT.SINGER_POST_RELATION (SINGER_IDX,POST_IDX) values (1,87);
Insert into JPAT.SINGER_POST_RELATION (SINGER_IDX,POST_IDX) values (2,4);
Insert into JPAT.SINGER_POST_RELATION (SINGER_IDX,POST_IDX) values (2,16);
Insert into JPAT.SINGER_POST_RELATION (SINGER_IDX,POST_IDX) values (2,17);
Insert into JPAT.SINGER_POST_RELATION (SINGER_IDX,POST_IDX) values (2,77);
Insert into JPAT.SINGER_POST_RELATION (SINGER_IDX,POST_IDX) values (3,5);
Insert into JPAT.SINGER_POST_RELATION (SINGER_IDX,POST_IDX) values (5,9);
Insert into JPAT.SINGER_POST_RELATION (SINGER_IDX,POST_IDX) values (5,12);
Insert into JPAT.SINGER_POST_RELATION (SINGER_IDX,POST_IDX) values (6,10);
Insert into JPAT.SINGER_POST_RELATION (SINGER_IDX,POST_IDX) values (6,25);
Insert into JPAT.SINGER_POST_RELATION (SINGER_IDX,POST_IDX) values (6,84);
Insert into JPAT.SINGER_POST_RELATION (SINGER_IDX,POST_IDX) values (7,11);
Insert into JPAT.SINGER_POST_RELATION (SINGER_IDX,POST_IDX) values (8,21);
Insert into JPAT.SINGER_POST_RELATION (SINGER_IDX,POST_IDX) values (10,24);
Insert into JPAT.SINGER_POST_RELATION (SINGER_IDX,POST_IDX) values (11,28);
Insert into JPAT.SINGER_POST_RELATION (SINGER_IDX,POST_IDX) values (11,63);
Insert into JPAT.SINGER_POST_RELATION (SINGER_IDX,POST_IDX) values (11,80);
Insert into JPAT.SINGER_POST_RELATION (SINGER_IDX,POST_IDX) values (12,61);
Insert into JPAT.SINGER_POST_RELATION (SINGER_IDX,POST_IDX) values (13,62);
Insert into JPAT.SINGER_POST_RELATION (SINGER_IDX,POST_IDX) values (14,65);
Insert into JPAT.SINGER_POST_RELATION (SINGER_IDX,POST_IDX) values (15,78);
Insert into JPAT.SINGER_POST_RELATION (SINGER_IDX,POST_IDX) values (16,79);
Insert into JPAT.SINGER_POST_RELATION (SINGER_IDX,POST_IDX) values (17,81);
Insert into JPAT.SINGER_POST_RELATION (SINGER_IDX,POST_IDX) values (18,82);
Insert into JPAT.SINGER_POST_RELATION (SINGER_IDX,POST_IDX) values (19,83);
REM INSERTING into JPAT.USERS
SET DEFINE OFF;
Insert into JPAT.USERS (USER_IDX,USER_ID,USER_PW,USER_NICKNAME,USER_EMAIL,USER_IMG,JOINDATE) values (1,'admin','15de9264f8dc5af3a46b87c459c6b74f9a3bb607dbd1db49b8e1af2a3abb4','admin','cyw9007@naver.com',null,to_date('24-10-30','RR-MM-DD'));
Insert into JPAT.USERS (USER_IDX,USER_ID,USER_PW,USER_NICKNAME,USER_EMAIL,USER_IMG,JOINDATE) values (2,'kanade','285da275d9a82a3f64eeef8615785eff6373e2325a9a5fc9b983b16da577fb','ё┤','dyddnr25@gmail.com','kanade_1245293f-4f27-4f00-a91b-b1026a540732.png',to_date('24-10-30','RR-MM-DD'));
Insert into JPAT.USERS (USER_IDX,USER_ID,USER_PW,USER_NICKNAME,USER_EMAIL,USER_IMG,JOINDATE) values (3,'marin','c4b569a7b1dd12ff8ce1c102b4f34845d1539b43ac241c99b149e899742db24','л▐лълє','akdjhf@gmail.com','marin_f71b2e74-a32f-412d-929c-14392a5c9b2e.png',to_date('24-10-30','RR-MM-DD'));
Insert into JPAT.USERS (USER_IDX,USER_ID,USER_PW,USER_NICKNAME,USER_EMAIL,USER_IMG,JOINDATE) values (4,'lamy','40232ac470357befd8a437c4a2fbed473f678d51e7eae5eed0e69da7ea21','лщл▀лг','hagdfhkadf@gmail.com','lamy_8b07c8ff-a331-4510-be7b-f50d14132197.png',to_date('24-10-30','RR-MM-DD'));
Insert into JPAT.USERS (USER_IDX,USER_ID,USER_PW,USER_NICKNAME,USER_EMAIL,USER_IMG,JOINDATE) values (5,'pekora','504583fd8b4f5585f8b36a47417fc17953aab39371eca26ca4ac6d77a8e6bd','л┌л│лщ','peko9875489@gmail.con','pekora_47f6ca9a-d32a-4f61-94e5-36f407270366.png',to_date('24-10-30','RR-MM-DD'));
Insert into JPAT.USERS (USER_IDX,USER_ID,USER_PW,USER_NICKNAME,USER_EMAIL,USER_IMG,JOINDATE) values (6,'sora','7cb11a818c552f4c7e82c5efb28ad48481b6187a31d978dfd31edd62a8da98e','к╜кщ','ajdhfjadf788@gmail.com',null,to_date('24-10-30','RR-MM-DD'));
Insert into JPAT.USERS (USER_IDX,USER_ID,USER_PW,USER_NICKNAME,USER_EMAIL,USER_IMG,JOINDATE) values (7,'roboco','d12e38b27a3a48aa0e064db84727b3dbae13acd2ec3729c602bb87c9f8c','лэл▄энк╡кє','roboco7adyfa@gmail.com',null,to_date('24-10-30','RR-MM-DD'));
Insert into JPAT.USERS (USER_IDX,USER_ID,USER_PW,USER_NICKNAME,USER_EMAIL,USER_IMG,JOINDATE) values (8,'azki','3aa9e5835d1209dd7a8b59cb3476e68a1423c9dfa969e9c12581b5e8b1b19f','AZKi','AZKiiuhadf78@gmail.com',null,to_date('24-10-30','RR-MM-DD'));
Insert into JPAT.USERS (USER_IDX,USER_ID,USER_PW,USER_NICKNAME,USER_EMAIL,USER_IMG,JOINDATE) values (9,'miko','b8e55aa3b5ca9f262f8bcc7c05947a26fdee2da6da2a5b7ea546fbff8e1054','к▀к│','miko982745adf@gmail.com',null,to_date('24-10-30','RR-MM-DD'));
Insert into JPAT.USERS (USER_IDX,USER_ID,USER_PW,USER_NICKNAME,USER_EMAIL,USER_IMG,JOINDATE) values (10,'suisei','ae1efe1521d755c694d6d1601e287dfb9414d7d8d05835d103b3bba1ceab585','к╣кдк╗кд','suisei9485724ajdhkf@gmail.com','suisei_31b56704-43a7-4869-9dcc-3de2b2ec1dfe.png',to_date('24-10-30','RR-MM-DD'));
Insert into JPAT.USERS (USER_IDX,USER_ID,USER_PW,USER_NICKNAME,USER_EMAIL,USER_IMG,JOINDATE) values (11,'aki','9c83da4a1fe14f061a64dd5caf8bae5f07b4b942f32582c6e7858c6cc82bbc9','лвлн','aki94785@gmail.com',null,to_date('24-10-30','RR-MM-DD'));
Insert into JPAT.USERS (USER_IDX,USER_ID,USER_PW,USER_NICKNAME,USER_EMAIL,USER_IMG,JOINDATE) values (12,'haato','c660e8582f17c6c332be21cc7a13693b79471bb89dbe288a21f74c40f1fdb33b','к╧квк╚','haato023793@gmail.com',null,to_date('24-10-30','RR-MM-DD'));
Insert into JPAT.USERS (USER_IDX,USER_ID,USER_PW,USER_NICKNAME,USER_EMAIL,USER_IMG,JOINDATE) values (13,'fubuki','fa6f496a39803fc19cfcf6939e97d679cbd5cecf9efaf767519844c4ed0a6','л╒л╓лн','fubuki893668723@gmail.com',null,to_date('24-10-30','RR-MM-DD'));
Insert into JPAT.USERS (USER_IDX,USER_ID,USER_PW,USER_NICKNAME,USER_EMAIL,USER_IMG,JOINDATE) values (14,'matsuri','d479fadf0c96735c15eb057f132f4c78619fdd69284f4bd41ebc9e367fe338','к▐к─къ','matsuri49875@gmail.com','matsuri_b27b0a66-7e07-44fb-8627-e74eceb2d9b3.png',to_date('24-10-30','RR-MM-DD'));
Insert into JPAT.USERS (USER_IDX,USER_ID,USER_PW,USER_NICKNAME,USER_EMAIL,USER_IMG,JOINDATE) values (15,'shion','1c768068c1db483cc556a6d2fbc0a681312863c642fa8d11455241b5df932','л╖лклє','shion764584@gmail.com','shion_4afdf915-1556-4e77-ae6f-3e48f02e1d97.png',to_date('24-10-30','RR-MM-DD'));
Insert into JPAT.USERS (USER_IDX,USER_ID,USER_PW,USER_NICKNAME,USER_EMAIL,USER_IMG,JOINDATE) values (16,'ayame','c88290ab4720e377a2e0fb3cf021aeb829b03c34f2ab1de1db3df1aab8cec952','квкфкс','ayame987458764@gmail.com','ayame_2cc7785b-efa3-4846-9416-55a0e782dab9.png',to_date('24-10-30','RR-MM-DD'));
Insert into JPAT.USERS (USER_IDX,USER_ID,USER_PW,USER_NICKNAME,USER_EMAIL,USER_IMG,JOINDATE) values (17,'choco','566923af326777c97547bd27cf8ff20d2d85cc5506c33bc9c726ba5b1d208e','к┴кчк│','choco946578@gmail.com',null,to_date('24-10-30','RR-MM-DD'));
Insert into JPAT.USERS (USER_IDX,USER_ID,USER_PW,USER_NICKNAME,USER_EMAIL,USER_IMG,JOINDATE) values (18,'subaru','22f53f4e78454117f668ac554dbe14676873b0f7ca364e8f6056452cbed4e','л╣л╨лы','subaru6532798@gmail.com',null,to_date('24-10-30','RR-MM-DD'));
Insert into JPAT.USERS (USER_IDX,USER_ID,USER_PW,USER_NICKNAME,USER_EMAIL,USER_IMG,JOINDATE) values (22,'korone','fffa7c189e519e75d8ae1fbb3bc7764c8d39da51f5293124c8ede68d16b59d','к│кэк═','korone8495794@gmail.com',null,to_date('24-10-31','RR-MM-DD'));
Insert into JPAT.USERS (USER_IDX,USER_ID,USER_PW,USER_NICKNAME,USER_EMAIL,USER_IMG,JOINDATE) values (20,'mio','9f56a7c3df7741c7614c576bb3689d5edbe787cef5db31b1f40a36fb3a21ffb','л▀лк','mio78246578@gmail.com',null,to_date('24-10-31','RR-MM-DD'));
Insert into JPAT.USERS (USER_IDX,USER_ID,USER_PW,USER_NICKNAME,USER_EMAIL,USER_IMG,JOINDATE) values (21,'okayu','76a99de61e2f85b7bdafede9c46392ded5416c72d37d95fd71545dbf7070','ккклкц','okayu817457@gmail.com',null,to_date('24-10-31','RR-MM-DD'));
Insert into JPAT.USERS (USER_IDX,USER_ID,USER_PW,USER_NICKNAME,USER_EMAIL,USER_IMG,JOINDATE) values (23,'flare','90148ef276244e8af1d287b63e3be4a07b7c7cbb1521b9718b6d12ab1c3f','л╒льлв','flare40572@gmail.com',null,to_date('24-10-31','RR-MM-DD'));
Insert into JPAT.USERS (USER_IDX,USER_ID,USER_PW,USER_NICKNAME,USER_EMAIL,USER_IMG,JOINDATE) values (24,'noel','9a5a56f18e22ea1c70ca91e6aba27d9af099d48a81f4b93eb243bea7aab66d96','л╬лилы','noeru465784@gmail.com',null,to_date('24-10-31','RR-MM-DD'));
Insert into JPAT.USERS (USER_IDX,USER_ID,USER_PW,USER_NICKNAME,USER_EMAIL,USER_IMG,JOINDATE) values (25,'kanata','b28cf7bdac442831174e063375f5083bb462069772722d9f5c538e6b7637932','клк╩к┐','kanata9847574@gmail.com',null,to_date('24-10-31','RR-MM-DD'));
Insert into JPAT.USERS (USER_IDX,USER_ID,USER_PW,USER_NICKNAME,USER_EMAIL,USER_IMG,JOINDATE) values (26,'watame','c1deb0b2616f92a4f81e76d539627d635deb604a209daa1914267a52f547cb4','кяк┐кс','watame02389@gmail.com',null,to_date('24-10-31','RR-MM-DD'));
Insert into JPAT.USERS (USER_IDX,USER_ID,USER_PW,USER_NICKNAME,USER_EMAIL,USER_IMG,JOINDATE) values (27,'towa','ea9bbe78db2e54c9943bdb3c4acf4cd5a7c2641398a447532454438a832d3cb','л╚ля','towa4985794@gmail.com',null,to_date('24-10-31','RR-MM-DD'));
Insert into JPAT.USERS (USER_IDX,USER_ID,USER_PW,USER_NICKNAME,USER_EMAIL,USER_IMG,JOINDATE) values (28,'luna','b3a964c2a8299dff444f2ab5d6e86061e71a7ab232d5932762fafda760eb6ff3','лы?л╩','luna037489374@gmail.com',null,to_date('24-10-31','RR-MM-DD'));
Insert into JPAT.USERS (USER_IDX,USER_ID,USER_PW,USER_NICKNAME,USER_EMAIL,USER_IMG,JOINDATE) values (29,'nene','d2cd30ea7a46671e6fa8d3f891c743ced8e143819b0e05e4d5b496424a89b56','к═к═','nene98475298@gmail.com',null,to_date('24-10-31','RR-MM-DD'));
Insert into JPAT.USERS (USER_IDX,USER_ID,USER_PW,USER_NICKNAME,USER_EMAIL,USER_IMG,JOINDATE) values (30,'botan','42508e6d430153c9a653284912264ffbf17f211ceb15951d6d6ae261ad285','к▄к┐кє','botan3946934@gmail.com',null,to_date('24-10-31','RR-MM-DD'));
Insert into JPAT.USERS (USER_IDX,USER_ID,USER_PW,USER_NICKNAME,USER_EMAIL,USER_IMG,JOINDATE) values (31,'polka','65da26c39b7d7cfdf69c02e456d4ff2b87e5a496c1abdb4b1170cc6a65','л▌лылл','polka278398273@gmail.com',null,to_date('24-10-31','RR-MM-DD'));
Insert into JPAT.USERS (USER_IDX,USER_ID,USER_PW,USER_NICKNAME,USER_EMAIL,USER_IMG,JOINDATE) values (32,'laplus','2a3af0b4a77de736294377ad329d3af3b4dd2734a295a9edd962dcc4e4a7b0','лщл╫лщл╣','laplus475987@gmail.com',null,to_date('24-10-31','RR-MM-DD'));
Insert into JPAT.USERS (USER_IDX,USER_ID,USER_PW,USER_NICKNAME,USER_EMAIL,USER_IMG,JOINDATE) values (33,'lui','c35e631aedec24fee6d164aeac22c3b429bce8258afd96eeabc97b78acc8f','лылд','lui498745@gmail.com',null,to_date('24-10-31','RR-MM-DD'));
Insert into JPAT.USERS (USER_IDX,USER_ID,USER_PW,USER_NICKNAME,USER_EMAIL,USER_IMG,JOINDATE) values (34,'koyori','9a606778d3bba56dadc2bff55dd363f654249a5a34e661ae5a2708925923e','к│кшкъ','koyori945677836@gmail.com',null,to_date('24-10-31','RR-MM-DD'));
Insert into JPAT.USERS (USER_IDX,USER_ID,USER_PW,USER_NICKNAME,USER_EMAIL,USER_IMG,JOINDATE) values (35,'chloe','e812cf1b91b1758e7917b97bb6a1763dbc6fde63e6b8f102527684777719','лплэлё','chloe0374983@gmail.com',null,to_date('24-10-31','RR-MM-DD'));
Insert into JPAT.USERS (USER_IDX,USER_ID,USER_PW,USER_NICKNAME,USER_EMAIL,USER_IMG,JOINDATE) values (36,'iroha','8953febbf8b73bc2c0412a9533212d480a4888bb8a69bdf91b43f854a1ac48','кдкэк╧','iroha983563@gmail.com',null,to_date('24-10-31','RR-MM-DD'));
Insert into JPAT.USERS (USER_IDX,USER_ID,USER_PW,USER_NICKNAME,USER_EMAIL,USER_IMG,JOINDATE) values (43,'test','15de9264f8dc5af3a46b87c459c6b74f9a3bb607dbd1db49b8e1af2a3abb4','test','hgosu0525@gmail.com','cat_63498bac-c3be-4be9-b0e7-8e334682f4e2.jpg',to_date('24-11-04','RR-MM-DD'));
--------------------------------------------------------
--  DDL for Index MUSIC_PK
--------------------------------------------------------

  CREATE UNIQUE INDEX "JPAT"."MUSIC_PK" ON "JPAT"."MUSIC" ("MUSIC_IDX") 
  PCTFREE 10 INITRANS 2 MAXTRANS 255 COMPUTE STATISTICS 
  STORAGE(INITIAL 65536 NEXT 1048576 MINEXTENTS 1 MAXEXTENTS 2147483645
  PCTINCREASE 0 FREELISTS 1 FREELIST GROUPS 1 BUFFER_POOL DEFAULT FLASH_CACHE DEFAULT CELL_FLASH_CACHE DEFAULT)
  TABLESPACE "SYSTEM" ;
--------------------------------------------------------
--  DDL for Index POST_PK
--------------------------------------------------------

  CREATE UNIQUE INDEX "JPAT"."POST_PK" ON "JPAT"."POST" ("POST_IDX") 
  PCTFREE 10 INITRANS 2 MAXTRANS 255 COMPUTE STATISTICS 
  STORAGE(INITIAL 65536 NEXT 1048576 MINEXTENTS 1 MAXEXTENTS 2147483645
  PCTINCREASE 0 FREELISTS 1 FREELIST GROUPS 1 BUFFER_POOL DEFAULT FLASH_CACHE DEFAULT CELL_FLASH_CACHE DEFAULT)
  TABLESPACE "SYSTEM" ;
--------------------------------------------------------
--  DDL for Index POST_TYPE_PK
--------------------------------------------------------

  CREATE UNIQUE INDEX "JPAT"."POST_TYPE_PK" ON "JPAT"."POST_TYPE" ("POST_TYPE_IDX") 
  PCTFREE 10 INITRANS 2 MAXTRANS 255 COMPUTE STATISTICS 
  STORAGE(INITIAL 65536 NEXT 1048576 MINEXTENTS 1 MAXEXTENTS 2147483645
  PCTINCREASE 0 FREELISTS 1 FREELIST GROUPS 1 BUFFER_POOL DEFAULT FLASH_CACHE DEFAULT CELL_FLASH_CACHE DEFAULT)
  TABLESPACE "SYSTEM" ;
--------------------------------------------------------
--  DDL for Index REPLY_PK
--------------------------------------------------------

  CREATE UNIQUE INDEX "JPAT"."REPLY_PK" ON "JPAT"."REPLY" ("REPLY_IDX") 
  PCTFREE 10 INITRANS 2 MAXTRANS 255 COMPUTE STATISTICS 
  STORAGE(INITIAL 65536 NEXT 1048576 MINEXTENTS 1 MAXEXTENTS 2147483645
  PCTINCREASE 0 FREELISTS 1 FREELIST GROUPS 1 BUFFER_POOL DEFAULT FLASH_CACHE DEFAULT CELL_FLASH_CACHE DEFAULT)
  TABLESPACE "SYSTEM" ;
--------------------------------------------------------
--  DDL for Index SINGER_PK
--------------------------------------------------------

  CREATE UNIQUE INDEX "JPAT"."SINGER_PK" ON "JPAT"."SINGER" ("SINGER_IDX") 
  PCTFREE 10 INITRANS 2 MAXTRANS 255 COMPUTE STATISTICS 
  STORAGE(INITIAL 65536 NEXT 1048576 MINEXTENTS 1 MAXEXTENTS 2147483645
  PCTINCREASE 0 FREELISTS 1 FREELIST GROUPS 1 BUFFER_POOL DEFAULT FLASH_CACHE DEFAULT CELL_FLASH_CACHE DEFAULT)
  TABLESPACE "SYSTEM" ;
--------------------------------------------------------
--  DDL for Index SPR_PK
--------------------------------------------------------

  CREATE UNIQUE INDEX "JPAT"."SPR_PK" ON "JPAT"."SINGER_POST_RELATION" ("SINGER_IDX", "POST_IDX") 
  PCTFREE 10 INITRANS 2 MAXTRANS 255 COMPUTE STATISTICS 
  STORAGE(INITIAL 65536 NEXT 1048576 MINEXTENTS 1 MAXEXTENTS 2147483645
  PCTINCREASE 0 FREELISTS 1 FREELIST GROUPS 1 BUFFER_POOL DEFAULT FLASH_CACHE DEFAULT CELL_FLASH_CACHE DEFAULT)
  TABLESPACE "SYSTEM" ;
--------------------------------------------------------
--  DDL for Index SYS_C0010210
--------------------------------------------------------

  CREATE UNIQUE INDEX "JPAT"."SYS_C0010210" ON "JPAT"."USERS" ("USER_ID") 
  PCTFREE 10 INITRANS 2 MAXTRANS 255 COMPUTE STATISTICS 
  STORAGE(INITIAL 65536 NEXT 1048576 MINEXTENTS 1 MAXEXTENTS 2147483645
  PCTINCREASE 0 FREELISTS 1 FREELIST GROUPS 1 BUFFER_POOL DEFAULT FLASH_CACHE DEFAULT CELL_FLASH_CACHE DEFAULT)
  TABLESPACE "SYSTEM" ;
--------------------------------------------------------
--  DDL for Index SYS_C0010211
--------------------------------------------------------

  CREATE UNIQUE INDEX "JPAT"."SYS_C0010211" ON "JPAT"."USERS" ("USER_NICKNAME") 
  PCTFREE 10 INITRANS 2 MAXTRANS 255 COMPUTE STATISTICS 
  STORAGE(INITIAL 65536 NEXT 1048576 MINEXTENTS 1 MAXEXTENTS 2147483645
  PCTINCREASE 0 FREELISTS 1 FREELIST GROUPS 1 BUFFER_POOL DEFAULT FLASH_CACHE DEFAULT CELL_FLASH_CACHE DEFAULT)
  TABLESPACE "SYSTEM" ;
--------------------------------------------------------
--  DDL for Index SYS_C0010212
--------------------------------------------------------

  CREATE UNIQUE INDEX "JPAT"."SYS_C0010212" ON "JPAT"."USERS" ("USER_EMAIL") 
  PCTFREE 10 INITRANS 2 MAXTRANS 255 COMPUTE STATISTICS 
  STORAGE(INITIAL 65536 NEXT 1048576 MINEXTENTS 1 MAXEXTENTS 2147483645
  PCTINCREASE 0 FREELISTS 1 FREELIST GROUPS 1 BUFFER_POOL DEFAULT FLASH_CACHE DEFAULT CELL_FLASH_CACHE DEFAULT)
  TABLESPACE "SYSTEM" ;
--------------------------------------------------------
--  DDL for Index USER_PK
--------------------------------------------------------

  CREATE UNIQUE INDEX "JPAT"."USER_PK" ON "JPAT"."USERS" ("USER_IDX") 
  PCTFREE 10 INITRANS 2 MAXTRANS 255 COMPUTE STATISTICS 
  STORAGE(INITIAL 65536 NEXT 1048576 MINEXTENTS 1 MAXEXTENTS 2147483645
  PCTINCREASE 0 FREELISTS 1 FREELIST GROUPS 1 BUFFER_POOL DEFAULT FLASH_CACHE DEFAULT CELL_FLASH_CACHE DEFAULT)
  TABLESPACE "SYSTEM" ;
--------------------------------------------------------
--  DDL for Index MUSIC_PK
--------------------------------------------------------

  CREATE UNIQUE INDEX "JPAT"."MUSIC_PK" ON "JPAT"."MUSIC" ("MUSIC_IDX") 
  PCTFREE 10 INITRANS 2 MAXTRANS 255 COMPUTE STATISTICS 
  STORAGE(INITIAL 65536 NEXT 1048576 MINEXTENTS 1 MAXEXTENTS 2147483645
  PCTINCREASE 0 FREELISTS 1 FREELIST GROUPS 1 BUFFER_POOL DEFAULT FLASH_CACHE DEFAULT CELL_FLASH_CACHE DEFAULT)
  TABLESPACE "SYSTEM" ;
--------------------------------------------------------
--  DDL for Index POST_PK
--------------------------------------------------------

  CREATE UNIQUE INDEX "JPAT"."POST_PK" ON "JPAT"."POST" ("POST_IDX") 
  PCTFREE 10 INITRANS 2 MAXTRANS 255 COMPUTE STATISTICS 
  STORAGE(INITIAL 65536 NEXT 1048576 MINEXTENTS 1 MAXEXTENTS 2147483645
  PCTINCREASE 0 FREELISTS 1 FREELIST GROUPS 1 BUFFER_POOL DEFAULT FLASH_CACHE DEFAULT CELL_FLASH_CACHE DEFAULT)
  TABLESPACE "SYSTEM" ;
--------------------------------------------------------
--  DDL for Index POST_TYPE_PK
--------------------------------------------------------

  CREATE UNIQUE INDEX "JPAT"."POST_TYPE_PK" ON "JPAT"."POST_TYPE" ("POST_TYPE_IDX") 
  PCTFREE 10 INITRANS 2 MAXTRANS 255 COMPUTE STATISTICS 
  STORAGE(INITIAL 65536 NEXT 1048576 MINEXTENTS 1 MAXEXTENTS 2147483645
  PCTINCREASE 0 FREELISTS 1 FREELIST GROUPS 1 BUFFER_POOL DEFAULT FLASH_CACHE DEFAULT CELL_FLASH_CACHE DEFAULT)
  TABLESPACE "SYSTEM" ;
--------------------------------------------------------
--  DDL for Index REPLY_PK
--------------------------------------------------------

  CREATE UNIQUE INDEX "JPAT"."REPLY_PK" ON "JPAT"."REPLY" ("REPLY_IDX") 
  PCTFREE 10 INITRANS 2 MAXTRANS 255 COMPUTE STATISTICS 
  STORAGE(INITIAL 65536 NEXT 1048576 MINEXTENTS 1 MAXEXTENTS 2147483645
  PCTINCREASE 0 FREELISTS 1 FREELIST GROUPS 1 BUFFER_POOL DEFAULT FLASH_CACHE DEFAULT CELL_FLASH_CACHE DEFAULT)
  TABLESPACE "SYSTEM" ;
--------------------------------------------------------
--  DDL for Index SINGER_PK
--------------------------------------------------------

  CREATE UNIQUE INDEX "JPAT"."SINGER_PK" ON "JPAT"."SINGER" ("SINGER_IDX") 
  PCTFREE 10 INITRANS 2 MAXTRANS 255 COMPUTE STATISTICS 
  STORAGE(INITIAL 65536 NEXT 1048576 MINEXTENTS 1 MAXEXTENTS 2147483645
  PCTINCREASE 0 FREELISTS 1 FREELIST GROUPS 1 BUFFER_POOL DEFAULT FLASH_CACHE DEFAULT CELL_FLASH_CACHE DEFAULT)
  TABLESPACE "SYSTEM" ;
--------------------------------------------------------
--  DDL for Index SPR_PK
--------------------------------------------------------

  CREATE UNIQUE INDEX "JPAT"."SPR_PK" ON "JPAT"."SINGER_POST_RELATION" ("SINGER_IDX", "POST_IDX") 
  PCTFREE 10 INITRANS 2 MAXTRANS 255 COMPUTE STATISTICS 
  STORAGE(INITIAL 65536 NEXT 1048576 MINEXTENTS 1 MAXEXTENTS 2147483645
  PCTINCREASE 0 FREELISTS 1 FREELIST GROUPS 1 BUFFER_POOL DEFAULT FLASH_CACHE DEFAULT CELL_FLASH_CACHE DEFAULT)
  TABLESPACE "SYSTEM" ;
--------------------------------------------------------
--  DDL for Index USER_PK
--------------------------------------------------------

  CREATE UNIQUE INDEX "JPAT"."USER_PK" ON "JPAT"."USERS" ("USER_IDX") 
  PCTFREE 10 INITRANS 2 MAXTRANS 255 COMPUTE STATISTICS 
  STORAGE(INITIAL 65536 NEXT 1048576 MINEXTENTS 1 MAXEXTENTS 2147483645
  PCTINCREASE 0 FREELISTS 1 FREELIST GROUPS 1 BUFFER_POOL DEFAULT FLASH_CACHE DEFAULT CELL_FLASH_CACHE DEFAULT)
  TABLESPACE "SYSTEM" ;
--------------------------------------------------------
--  DDL for Index SYS_C0010210
--------------------------------------------------------

  CREATE UNIQUE INDEX "JPAT"."SYS_C0010210" ON "JPAT"."USERS" ("USER_ID") 
  PCTFREE 10 INITRANS 2 MAXTRANS 255 COMPUTE STATISTICS 
  STORAGE(INITIAL 65536 NEXT 1048576 MINEXTENTS 1 MAXEXTENTS 2147483645
  PCTINCREASE 0 FREELISTS 1 FREELIST GROUPS 1 BUFFER_POOL DEFAULT FLASH_CACHE DEFAULT CELL_FLASH_CACHE DEFAULT)
  TABLESPACE "SYSTEM" ;
--------------------------------------------------------
--  DDL for Index SYS_C0010211
--------------------------------------------------------

  CREATE UNIQUE INDEX "JPAT"."SYS_C0010211" ON "JPAT"."USERS" ("USER_NICKNAME") 
  PCTFREE 10 INITRANS 2 MAXTRANS 255 COMPUTE STATISTICS 
  STORAGE(INITIAL 65536 NEXT 1048576 MINEXTENTS 1 MAXEXTENTS 2147483645
  PCTINCREASE 0 FREELISTS 1 FREELIST GROUPS 1 BUFFER_POOL DEFAULT FLASH_CACHE DEFAULT CELL_FLASH_CACHE DEFAULT)
  TABLESPACE "SYSTEM" ;
--------------------------------------------------------
--  DDL for Index SYS_C0010212
--------------------------------------------------------

  CREATE UNIQUE INDEX "JPAT"."SYS_C0010212" ON "JPAT"."USERS" ("USER_EMAIL") 
  PCTFREE 10 INITRANS 2 MAXTRANS 255 COMPUTE STATISTICS 
  STORAGE(INITIAL 65536 NEXT 1048576 MINEXTENTS 1 MAXEXTENTS 2147483645
  PCTINCREASE 0 FREELISTS 1 FREELIST GROUPS 1 BUFFER_POOL DEFAULT FLASH_CACHE DEFAULT CELL_FLASH_CACHE DEFAULT)
  TABLESPACE "SYSTEM" ;
--------------------------------------------------------
--  Constraints for Table MUSIC
--------------------------------------------------------

  ALTER TABLE "JPAT"."MUSIC" ADD CONSTRAINT "MUSIC_PK" PRIMARY KEY ("MUSIC_IDX")
  USING INDEX PCTFREE 10 INITRANS 2 MAXTRANS 255 COMPUTE STATISTICS 
  STORAGE(INITIAL 65536 NEXT 1048576 MINEXTENTS 1 MAXEXTENTS 2147483645
  PCTINCREASE 0 FREELISTS 1 FREELIST GROUPS 1 BUFFER_POOL DEFAULT FLASH_CACHE DEFAULT CELL_FLASH_CACHE DEFAULT)
  TABLESPACE "SYSTEM"  ENABLE;
  ALTER TABLE "JPAT"."MUSIC" MODIFY ("LYRICS" NOT NULL ENABLE);
  ALTER TABLE "JPAT"."MUSIC" MODIFY ("MUSIC" NOT NULL ENABLE);
  ALTER TABLE "JPAT"."MUSIC" MODIFY ("SINGER_IDX" NOT NULL ENABLE);
  ALTER TABLE "JPAT"."MUSIC" MODIFY ("MUSIC_IDX" NOT NULL ENABLE);
  ALTER TABLE "JPAT"."MUSIC" MODIFY ("POST_IDX" NOT NULL ENABLE);
--------------------------------------------------------
--  Constraints for Table POST
--------------------------------------------------------

  ALTER TABLE "JPAT"."POST" ADD CONSTRAINT "POST_PK" PRIMARY KEY ("POST_IDX")
  USING INDEX PCTFREE 10 INITRANS 2 MAXTRANS 255 COMPUTE STATISTICS 
  STORAGE(INITIAL 65536 NEXT 1048576 MINEXTENTS 1 MAXEXTENTS 2147483645
  PCTINCREASE 0 FREELISTS 1 FREELIST GROUPS 1 BUFFER_POOL DEFAULT FLASH_CACHE DEFAULT CELL_FLASH_CACHE DEFAULT)
  TABLESPACE "SYSTEM"  ENABLE;
  ALTER TABLE "JPAT"."POST" MODIFY ("PASSWORD" NOT NULL ENABLE);
  ALTER TABLE "JPAT"."POST" MODIFY ("NICKNAME" NOT NULL ENABLE);
  ALTER TABLE "JPAT"."POST" MODIFY ("CONTENTS" NOT NULL ENABLE);
  ALTER TABLE "JPAT"."POST" MODIFY ("TITLE" NOT NULL ENABLE);
  ALTER TABLE "JPAT"."POST" MODIFY ("POST_IDX" NOT NULL ENABLE);
--------------------------------------------------------
--  Constraints for Table POST_SUGGEST
--------------------------------------------------------

  ALTER TABLE "JPAT"."POST_SUGGEST" MODIFY ("LYRICS" NOT NULL ENABLE);
  ALTER TABLE "JPAT"."POST_SUGGEST" MODIFY ("SINGER" NOT NULL ENABLE);
  ALTER TABLE "JPAT"."POST_SUGGEST" MODIFY ("MUSIC" NOT NULL ENABLE);
  ALTER TABLE "JPAT"."POST_SUGGEST" MODIFY ("THUMNAIL" NOT NULL ENABLE);
  ALTER TABLE "JPAT"."POST_SUGGEST" MODIFY ("YOUTUBE_URL" NOT NULL ENABLE);
  ALTER TABLE "JPAT"."POST_SUGGEST" MODIFY ("POST_IDX" NOT NULL ENABLE);
--------------------------------------------------------
--  Constraints for Table POST_TYPE
--------------------------------------------------------

  ALTER TABLE "JPAT"."POST_TYPE" ADD CONSTRAINT "POST_TYPE_PK" PRIMARY KEY ("POST_TYPE_IDX")
  USING INDEX PCTFREE 10 INITRANS 2 MAXTRANS 255 COMPUTE STATISTICS 
  STORAGE(INITIAL 65536 NEXT 1048576 MINEXTENTS 1 MAXEXTENTS 2147483645
  PCTINCREASE 0 FREELISTS 1 FREELIST GROUPS 1 BUFFER_POOL DEFAULT FLASH_CACHE DEFAULT CELL_FLASH_CACHE DEFAULT)
  TABLESPACE "SYSTEM"  ENABLE;
  ALTER TABLE "JPAT"."POST_TYPE" MODIFY ("POST_TYPE" NOT NULL ENABLE);
  ALTER TABLE "JPAT"."POST_TYPE" MODIFY ("POST_TYPE_IDX" NOT NULL ENABLE);
--------------------------------------------------------
--  Constraints for Table REPLY
--------------------------------------------------------

  ALTER TABLE "JPAT"."REPLY" ADD CONSTRAINT "REPLY_PK" PRIMARY KEY ("REPLY_IDX")
  USING INDEX PCTFREE 10 INITRANS 2 MAXTRANS 255 COMPUTE STATISTICS 
  STORAGE(INITIAL 65536 NEXT 1048576 MINEXTENTS 1 MAXEXTENTS 2147483645
  PCTINCREASE 0 FREELISTS 1 FREELIST GROUPS 1 BUFFER_POOL DEFAULT FLASH_CACHE DEFAULT CELL_FLASH_CACHE DEFAULT)
  TABLESPACE "SYSTEM"  ENABLE;
  ALTER TABLE "JPAT"."REPLY" MODIFY ("COMMENTS" NOT NULL ENABLE);
  ALTER TABLE "JPAT"."REPLY" MODIFY ("REPLY_PASSWORD" NOT NULL ENABLE);
  ALTER TABLE "JPAT"."REPLY" MODIFY ("NICKNAME" NOT NULL ENABLE);
  ALTER TABLE "JPAT"."REPLY" MODIFY ("POST_IDX" NOT NULL ENABLE);
  ALTER TABLE "JPAT"."REPLY" MODIFY ("REPLY_IDX" NOT NULL ENABLE);
--------------------------------------------------------
--  Constraints for Table SINGER
--------------------------------------------------------

  ALTER TABLE "JPAT"."SINGER" ADD CONSTRAINT "SINGER_PK" PRIMARY KEY ("SINGER_IDX")
  USING INDEX PCTFREE 10 INITRANS 2 MAXTRANS 255 COMPUTE STATISTICS 
  STORAGE(INITIAL 65536 NEXT 1048576 MINEXTENTS 1 MAXEXTENTS 2147483645
  PCTINCREASE 0 FREELISTS 1 FREELIST GROUPS 1 BUFFER_POOL DEFAULT FLASH_CACHE DEFAULT CELL_FLASH_CACHE DEFAULT)
  TABLESPACE "SYSTEM"  ENABLE;
  ALTER TABLE "JPAT"."SINGER" MODIFY ("SUGGEST_COUNT" NOT NULL ENABLE);
  ALTER TABLE "JPAT"."SINGER" MODIFY ("SINGER" NOT NULL ENABLE);
  ALTER TABLE "JPAT"."SINGER" MODIFY ("SINGER_IDX" NOT NULL ENABLE);
--------------------------------------------------------
--  Constraints for Table SINGER_POST_RELATION
--------------------------------------------------------

  ALTER TABLE "JPAT"."SINGER_POST_RELATION" ADD CONSTRAINT "SPR_PK" PRIMARY KEY ("SINGER_IDX", "POST_IDX")
  USING INDEX PCTFREE 10 INITRANS 2 MAXTRANS 255 COMPUTE STATISTICS 
  STORAGE(INITIAL 65536 NEXT 1048576 MINEXTENTS 1 MAXEXTENTS 2147483645
  PCTINCREASE 0 FREELISTS 1 FREELIST GROUPS 1 BUFFER_POOL DEFAULT FLASH_CACHE DEFAULT CELL_FLASH_CACHE DEFAULT)
  TABLESPACE "SYSTEM"  ENABLE;
  ALTER TABLE "JPAT"."SINGER_POST_RELATION" MODIFY ("POST_IDX" NOT NULL ENABLE);
  ALTER TABLE "JPAT"."SINGER_POST_RELATION" MODIFY ("SINGER_IDX" NOT NULL ENABLE);
--------------------------------------------------------
--  Constraints for Table USERS
--------------------------------------------------------

  ALTER TABLE "JPAT"."USERS" ADD UNIQUE ("USER_EMAIL")
  USING INDEX PCTFREE 10 INITRANS 2 MAXTRANS 255 COMPUTE STATISTICS 
  STORAGE(INITIAL 65536 NEXT 1048576 MINEXTENTS 1 MAXEXTENTS 2147483645
  PCTINCREASE 0 FREELISTS 1 FREELIST GROUPS 1 BUFFER_POOL DEFAULT FLASH_CACHE DEFAULT CELL_FLASH_CACHE DEFAULT)
  TABLESPACE "SYSTEM"  ENABLE;
  ALTER TABLE "JPAT"."USERS" ADD UNIQUE ("USER_NICKNAME")
  USING INDEX PCTFREE 10 INITRANS 2 MAXTRANS 255 COMPUTE STATISTICS 
  STORAGE(INITIAL 65536 NEXT 1048576 MINEXTENTS 1 MAXEXTENTS 2147483645
  PCTINCREASE 0 FREELISTS 1 FREELIST GROUPS 1 BUFFER_POOL DEFAULT FLASH_CACHE DEFAULT CELL_FLASH_CACHE DEFAULT)
  TABLESPACE "SYSTEM"  ENABLE;
  ALTER TABLE "JPAT"."USERS" ADD UNIQUE ("USER_ID")
  USING INDEX PCTFREE 10 INITRANS 2 MAXTRANS 255 COMPUTE STATISTICS 
  STORAGE(INITIAL 65536 NEXT 1048576 MINEXTENTS 1 MAXEXTENTS 2147483645
  PCTINCREASE 0 FREELISTS 1 FREELIST GROUPS 1 BUFFER_POOL DEFAULT FLASH_CACHE DEFAULT CELL_FLASH_CACHE DEFAULT)
  TABLESPACE "SYSTEM"  ENABLE;
  ALTER TABLE "JPAT"."USERS" ADD CONSTRAINT "USER_PK" PRIMARY KEY ("USER_IDX")
  USING INDEX PCTFREE 10 INITRANS 2 MAXTRANS 255 COMPUTE STATISTICS 
  STORAGE(INITIAL 65536 NEXT 1048576 MINEXTENTS 1 MAXEXTENTS 2147483645
  PCTINCREASE 0 FREELISTS 1 FREELIST GROUPS 1 BUFFER_POOL DEFAULT FLASH_CACHE DEFAULT CELL_FLASH_CACHE DEFAULT)
  TABLESPACE "SYSTEM"  ENABLE;
  ALTER TABLE "JPAT"."USERS" MODIFY ("USER_EMAIL" NOT NULL ENABLE);
  ALTER TABLE "JPAT"."USERS" MODIFY ("USER_NICKNAME" NOT NULL ENABLE);
  ALTER TABLE "JPAT"."USERS" MODIFY ("USER_PW" NOT NULL ENABLE);
  ALTER TABLE "JPAT"."USERS" MODIFY ("USER_ID" NOT NULL ENABLE);
  ALTER TABLE "JPAT"."USERS" MODIFY ("USER_IDX" NOT NULL ENABLE);
--------------------------------------------------------
--  Ref Constraints for Table MUSIC
--------------------------------------------------------

  ALTER TABLE "JPAT"."MUSIC" ADD CONSTRAINT "MUSIC_FK1" FOREIGN KEY ("SINGER_IDX")
	  REFERENCES "JPAT"."SINGER" ("SINGER_IDX") ENABLE;
  ALTER TABLE "JPAT"."MUSIC" ADD CONSTRAINT "MUSIC_FK2" FOREIGN KEY ("POST_IDX")
	  REFERENCES "JPAT"."POST" ("POST_IDX") ON DELETE CASCADE ENABLE;
--------------------------------------------------------
--  Ref Constraints for Table POST
--------------------------------------------------------

  ALTER TABLE "JPAT"."POST" ADD CONSTRAINT "POST_FK1" FOREIGN KEY ("POST_TYPE_IDX")
	  REFERENCES "JPAT"."POST_TYPE" ("POST_TYPE_IDX") ENABLE;
  ALTER TABLE "JPAT"."POST" ADD CONSTRAINT "POST_FK2" FOREIGN KEY ("USER_IDX")
	  REFERENCES "JPAT"."USERS" ("USER_IDX") ENABLE;
--------------------------------------------------------
--  Ref Constraints for Table POST_SUGGEST
--------------------------------------------------------

  ALTER TABLE "JPAT"."POST_SUGGEST" ADD CONSTRAINT "POST_SUGGEST_FK1" FOREIGN KEY ("POST_IDX")
	  REFERENCES "JPAT"."POST" ("POST_IDX") ON DELETE CASCADE ENABLE;
  ALTER TABLE "JPAT"."POST_SUGGEST" ADD CONSTRAINT "POST_SUGGEST_FK2" FOREIGN KEY ("POST_TYPE_IDX")
	  REFERENCES "JPAT"."POST_TYPE" ("POST_TYPE_IDX") ENABLE;
--------------------------------------------------------
--  Ref Constraints for Table REPLY
--------------------------------------------------------

  ALTER TABLE "JPAT"."REPLY" ADD CONSTRAINT "REPLY_FK" FOREIGN KEY ("POST_IDX")
	  REFERENCES "JPAT"."POST" ("POST_IDX") ON DELETE CASCADE ENABLE;
--------------------------------------------------------
--  Ref Constraints for Table SINGER_POST_RELATION
--------------------------------------------------------

  ALTER TABLE "JPAT"."SINGER_POST_RELATION" ADD CONSTRAINT "SPR_FK1" FOREIGN KEY ("SINGER_IDX")
	  REFERENCES "JPAT"."SINGER" ("SINGER_IDX") ENABLE;
  ALTER TABLE "JPAT"."SINGER_POST_RELATION" ADD CONSTRAINT "SPR_FK2" FOREIGN KEY ("POST_IDX")
	  REFERENCES "JPAT"."POST" ("POST_IDX") ON DELETE CASCADE ENABLE;